Entity,Code,Year,"7.a.1 - International financial flows to developing countries in support of clean energy research and development and renewable energy production, including in hybrid systems (millions of constant 2020 United States dollars) - EG_IFF_RANDN - All renewables"
Afghanistan,AFG,2000,20000
Afghanistan,AFG,2001,130000
Afghanistan,AFG,2002,4090000
Afghanistan,AFG,2003,26670000
Afghanistan,AFG,2004,0
Afghanistan,AFG,2005,10120000
Afghanistan,AFG,2006,10890000
Afghanistan,AFG,2007,16340000
Afghanistan,AFG,2008,16780000
Afghanistan,AFG,2009,10160000
Afghanistan,AFG,2010,37870000
Afghanistan,AFG,2011,29240000
Afghanistan,AFG,2012,64260000.00000001
Afghanistan,AFG,2013,276180000
Afghanistan,AFG,2014,7160000
Afghanistan,AFG,2015,5070000
Afghanistan,AFG,2016,880000
Afghanistan,AFG,2017,51640000
Afghanistan,AFG,2018,72370000
Afghanistan,AFG,2019,4750000
Afghanistan,AFG,2020,49260000
Afghanistan,AFG,2021,10000
Algeria,DZA,2000,0
Algeria,DZA,2001,840000
Algeria,DZA,2002,310000
Algeria,DZA,2003,90000
Algeria,DZA,2004,140000
Algeria,DZA,2005,170000
Algeria,DZA,2006,0
Algeria,DZA,2007,0
Algeria,DZA,2008,0
Algeria,DZA,2009,2260000
Algeria,DZA,2010,410000
Algeria,DZA,2011,0
Algeria,DZA,2012,970000
Algeria,DZA,2013,970000
Algeria,DZA,2014,970000
Algeria,DZA,2015,910000
Algeria,DZA,2016,160000
Algeria,DZA,2017,10000
Algeria,DZA,2018,50000
Algeria,DZA,2019,60000
Algeria,DZA,2020,10000
Algeria,DZA,2021,100000
Angola,AGO,2000,0
Angola,AGO,2001,0
Angola,AGO,2002,0
Angola,AGO,2003,50000
Angola,AGO,2004,40000
Angola,AGO,2005,0
Angola,AGO,2006,0
Angola,AGO,2007,770000
Angola,AGO,2008,0
Angola,AGO,2009,0
Angola,AGO,2010,20000
Angola,AGO,2011,230000
Angola,AGO,2012,10000
Angola,AGO,2013,0
Angola,AGO,2014,0
Angola,AGO,2015,10000
Angola,AGO,2016,96520000
Angola,AGO,2017,0
Angola,AGO,2018,120000
Angola,AGO,2019,60000
Angola,AGO,2020,70000
Angola,AGO,2021,0
Antigua and Barbuda,ATG,2000,0
Antigua and Barbuda,ATG,2001,0
Antigua and Barbuda,ATG,2002,0
Antigua and Barbuda,ATG,2003,0
Antigua and Barbuda,ATG,2004,0
Antigua and Barbuda,ATG,2005,0
Antigua and Barbuda,ATG,2006,0
Antigua and Barbuda,ATG,2007,0
Antigua and Barbuda,ATG,2008,0
Antigua and Barbuda,ATG,2009,0
Antigua and Barbuda,ATG,2010,0
Antigua and Barbuda,ATG,2011,0
Antigua and Barbuda,ATG,2012,0
Antigua and Barbuda,ATG,2013,2650000
Antigua and Barbuda,ATG,2014,0
Antigua and Barbuda,ATG,2015,7200000
Antigua and Barbuda,ATG,2016,0
Antigua and Barbuda,ATG,2017,20100000
Antigua and Barbuda,ATG,2018,0
Antigua and Barbuda,ATG,2019,0
Antigua and Barbuda,ATG,2020,6540000
Antigua and Barbuda,ATG,2021,0
Argentina,ARG,2000,0
Argentina,ARG,2001,4010000
Argentina,ARG,2002,0
Argentina,ARG,2003,50000
Argentina,ARG,2004,42020000
Argentina,ARG,2005,290000
Argentina,ARG,2006,450000
Argentina,ARG,2007,380000
Argentina,ARG,2008,23530000
Argentina,ARG,2009,40070000
Argentina,ARG,2010,1080000
Argentina,ARG,2011,71040000
Argentina,ARG,2012,254920000
Argentina,ARG,2013,49040000
Argentina,ARG,2014,2445090000
Argentina,ARG,2015,112770000
Argentina,ARG,2016,256970000.00000003
Argentina,ARG,2017,504590000
Argentina,ARG,2018,401880000
Argentina,ARG,2019,532970000
Argentina,ARG,2020,88400000
Argentina,ARG,2021,2710000
Armenia,ARM,2000,0
Armenia,ARM,2001,7960000
Armenia,ARM,2002,50000
Armenia,ARM,2003,2820000
Armenia,ARM,2004,10700000
Armenia,ARM,2005,3030000
Armenia,ARM,2006,13770000
Armenia,ARM,2007,1550000
Armenia,ARM,2008,90000
Armenia,ARM,2009,410000
Armenia,ARM,2010,95910000
Armenia,ARM,2011,870000
Armenia,ARM,2012,76670000
Armenia,ARM,2013,26600000
Armenia,ARM,2014,9590000
Armenia,ARM,2015,23880000
Armenia,ARM,2016,124760000
Armenia,ARM,2017,1610000
Armenia,ARM,2018,28450000
Armenia,ARM,2019,56970000
Armenia,ARM,2020,26310000
Armenia,ARM,2021,49400000
Azerbaijan,AZE,2000,4940000
Azerbaijan,AZE,2001,0
Azerbaijan,AZE,2002,0
Azerbaijan,AZE,2003,0
Azerbaijan,AZE,2004,0
Azerbaijan,AZE,2005,2220000
Azerbaijan,AZE,2006,430000
Azerbaijan,AZE,2007,0
Azerbaijan,AZE,2008,0
Azerbaijan,AZE,2009,170000
Azerbaijan,AZE,2010,192190000
Azerbaijan,AZE,2011,20000
Azerbaijan,AZE,2012,0
Azerbaijan,AZE,2013,0
Azerbaijan,AZE,2014,20000
Azerbaijan,AZE,2015,79710000
Azerbaijan,AZE,2016,10000
Azerbaijan,AZE,2017,20000
Azerbaijan,AZE,2018,0
Azerbaijan,AZE,2019,10000
Azerbaijan,AZE,2020,10000
Azerbaijan,AZE,2021,10000
Bahamas,BHS,2000,0
Bahamas,BHS,2001,0
Bahamas,BHS,2002,0
Bahamas,BHS,2003,0
Bahamas,BHS,2004,0
Bahamas,BHS,2005,0
Bahamas,BHS,2006,0
Bahamas,BHS,2007,0
Bahamas,BHS,2008,0
Bahamas,BHS,2009,0
Bahamas,BHS,2010,0
Bahamas,BHS,2011,0
Bahamas,BHS,2012,0
Bahamas,BHS,2013,0
Bahamas,BHS,2014,0
Bahamas,BHS,2015,0
Bahamas,BHS,2016,0
Bahamas,BHS,2017,20000
Bahamas,BHS,2018,110000
Bahamas,BHS,2019,580000
Bahamas,BHS,2020,190000000
Bahamas,BHS,2021,2270000
Bangladesh,BGD,2000,3130000
Bangladesh,BGD,2001,0
Bangladesh,BGD,2002,33049999.999999996
Bangladesh,BGD,2003,47910000
Bangladesh,BGD,2004,17610000
Bangladesh,BGD,2005,40660000
Bangladesh,BGD,2006,20000
Bangladesh,BGD,2007,52300000
Bangladesh,BGD,2008,10000
Bangladesh,BGD,2009,27660000
Bangladesh,BGD,2010,180000
Bangladesh,BGD,2011,242810000
Bangladesh,BGD,2012,152960000
Bangladesh,BGD,2013,116780000
Bangladesh,BGD,2014,93080000
Bangladesh,BGD,2015,7990000
Bangladesh,BGD,2016,429780000
Bangladesh,BGD,2017,253520000
Bangladesh,BGD,2018,242520000
Bangladesh,BGD,2019,141240000
Bangladesh,BGD,2020,23120000
Bangladesh,BGD,2021,305900000
Barbados,BRB,2000,0
Barbados,BRB,2001,0
Barbados,BRB,2002,0
Barbados,BRB,2003,0
Barbados,BRB,2004,0
Barbados,BRB,2005,0
Barbados,BRB,2006,0
Barbados,BRB,2007,0
Barbados,BRB,2008,0
Barbados,BRB,2009,0
Barbados,BRB,2010,0
Barbados,BRB,2011,0
Barbados,BRB,2012,0
Barbados,BRB,2013,0
Barbados,BRB,2014,0
Barbados,BRB,2015,80000
Barbados,BRB,2016,9100000
Barbados,BRB,2017,0
Barbados,BRB,2018,50000
Barbados,BRB,2019,35040000
Barbados,BRB,2020,0
Barbados,BRB,2021,0
Belarus,BLR,2000,0
Belarus,BLR,2001,0
Belarus,BLR,2002,0
Belarus,BLR,2003,0
Belarus,BLR,2004,0
Belarus,BLR,2005,0
Belarus,BLR,2006,0
Belarus,BLR,2007,270000
Belarus,BLR,2008,60000
Belarus,BLR,2009,180000
Belarus,BLR,2010,130000
Belarus,BLR,2011,204630000
Belarus,BLR,2012,3030000
Belarus,BLR,2013,270000
Belarus,BLR,2014,62920000
Belarus,BLR,2015,20000
Belarus,BLR,2016,140000
Belarus,BLR,2017,130000
Belarus,BLR,2018,16030000.000000002
Belarus,BLR,2019,160470000
Belarus,BLR,2020,360000
Belarus,BLR,2021,0
Belize,BLZ,2000,0
Belize,BLZ,2001,0
Belize,BLZ,2002,0
Belize,BLZ,2003,0
Belize,BLZ,2004,0
Belize,BLZ,2005,0
Belize,BLZ,2006,0
Belize,BLZ,2007,0
Belize,BLZ,2008,0
Belize,BLZ,2009,4820000
Belize,BLZ,2010,0
Belize,BLZ,2011,0
Belize,BLZ,2012,0
Belize,BLZ,2013,0
Belize,BLZ,2014,0
Belize,BLZ,2015,20000
Belize,BLZ,2016,1720000
Belize,BLZ,2017,20000
Belize,BLZ,2018,16500000
Belize,BLZ,2019,270000
Belize,BLZ,2020,10000
Belize,BLZ,2021,2830000
Benin,BEN,2000,0
Benin,BEN,2001,0
Benin,BEN,2002,100000
Benin,BEN,2003,0
Benin,BEN,2004,0
Benin,BEN,2005,0
Benin,BEN,2006,8770000
Benin,BEN,2007,0
Benin,BEN,2008,570000
Benin,BEN,2009,9090000
Benin,BEN,2010,170000
Benin,BEN,2011,380000
Benin,BEN,2012,80000
Benin,BEN,2013,0
Benin,BEN,2014,13320000
Benin,BEN,2015,565980000
Benin,BEN,2016,1300000
Benin,BEN,2017,274740000
Benin,BEN,2018,1970000
Benin,BEN,2019,40000
Benin,BEN,2020,1790000
Benin,BEN,2021,42810000
Bhutan,BTN,2000,5100000
Bhutan,BTN,2001,2600000
Bhutan,BTN,2002,26980000
Bhutan,BTN,2003,0
Bhutan,BTN,2004,0
Bhutan,BTN,2005,1380000
Bhutan,BTN,2006,120000
Bhutan,BTN,2007,870000
Bhutan,BTN,2008,3850000
Bhutan,BTN,2009,85120000
Bhutan,BTN,2010,23480000
Bhutan,BTN,2011,80000
Bhutan,BTN,2012,3160000
Bhutan,BTN,2013,37880000
Bhutan,BTN,2014,2069999.9999999998
Bhutan,BTN,2015,129460000.00000001
Bhutan,BTN,2016,50000
Bhutan,BTN,2017,20000
Bhutan,BTN,2018,120000
Bhutan,BTN,2019,720000
Bhutan,BTN,2020,750000
Bhutan,BTN,2021,760000
Bolivia,BOL,2000,90000
Bolivia,BOL,2001,800000
Bolivia,BOL,2002,80000
Bolivia,BOL,2003,16700000
Bolivia,BOL,2004,40000
Bolivia,BOL,2005,150000
Bolivia,BOL,2006,440000
Bolivia,BOL,2007,430000
Bolivia,BOL,2008,870000
Bolivia,BOL,2009,103010000
Bolivia,BOL,2010,5480000
Bolivia,BOL,2011,1370000
Bolivia,BOL,2012,5020000
Bolivia,BOL,2013,76780000
Bolivia,BOL,2014,39500000
Bolivia,BOL,2015,1990000
Bolivia,BOL,2016,1116380000
Bolivia,BOL,2017,664160000
Bolivia,BOL,2018,84060000
Bolivia,BOL,2019,930000
Bolivia,BOL,2020,3140000
Bolivia,BOL,2021,250000
Bosnia and Herzegovina,BIH,2000,0
Bosnia and Herzegovina,BIH,2001,6730000
Bosnia and Herzegovina,BIH,2002,310000
Bosnia and Herzegovina,BIH,2003,0
Bosnia and Herzegovina,BIH,2004,7300000
Bosnia and Herzegovina,BIH,2005,0
Bosnia and Herzegovina,BIH,2006,12480000
Bosnia and Herzegovina,BIH,2007,290000
Bosnia and Herzegovina,BIH,2008,23440000
Bosnia and Herzegovina,BIH,2009,110000
Bosnia and Herzegovina,BIH,2010,96840000
Bosnia and Herzegovina,BIH,2011,67420000
Bosnia and Herzegovina,BIH,2012,950000
Bosnia and Herzegovina,BIH,2013,97380000
Bosnia and Herzegovina,BIH,2014,164580000
Bosnia and Herzegovina,BIH,2015,6520000
Bosnia and Herzegovina,BIH,2016,3720000
Bosnia and Herzegovina,BIH,2017,83190000
Bosnia and Herzegovina,BIH,2018,1340000
Bosnia and Herzegovina,BIH,2019,20760000
Bosnia and Herzegovina,BIH,2020,3720000
Bosnia and Herzegovina,BIH,2021,440000
Botswana,BWA,2000,30000
Botswana,BWA,2001,0
Botswana,BWA,2002,0
Botswana,BWA,2003,0
Botswana,BWA,2004,40000
Botswana,BWA,2005,30000
Botswana,BWA,2006,70000
Botswana,BWA,2007,10000
Botswana,BWA,2008,0
Botswana,BWA,2009,6910000
Botswana,BWA,2010,10610000
Botswana,BWA,2011,90000
Botswana,BWA,2012,480000
Botswana,BWA,2013,0
Botswana,BWA,2014,2620000
Botswana,BWA,2015,0
Botswana,BWA,2016,10000
Botswana,BWA,2017,20000
Botswana,BWA,2018,10000
Botswana,BWA,2019,0
Botswana,BWA,2020,0
Botswana,BWA,2021,40160000
Brazil,BRA,2000,130180000
Brazil,BRA,2001,5440000
Brazil,BRA,2002,34270000
Brazil,BRA,2003,7720000
Brazil,BRA,2004,1170000
Brazil,BRA,2005,12030000
Brazil,BRA,2006,1250000
Brazil,BRA,2007,930000
Brazil,BRA,2008,20260000
Brazil,BRA,2009,180530000
Brazil,BRA,2010,133650000
Brazil,BRA,2011,239640000
Brazil,BRA,2012,230100000
Brazil,BRA,2013,95970000
Brazil,BRA,2014,505190000
Brazil,BRA,2015,2340000
Brazil,BRA,2016,183120000
Brazil,BRA,2017,593290000
Brazil,BRA,2018,343670000
Brazil,BRA,2019,506740000
Brazil,BRA,2020,971630000
Brazil,BRA,2021,413780000
Burkina Faso,BFA,2000,130000
Burkina Faso,BFA,2001,15910000
Burkina Faso,BFA,2002,20000
Burkina Faso,BFA,2003,0
Burkina Faso,BFA,2004,5400000
Burkina Faso,BFA,2005,16570000
Burkina Faso,BFA,2006,0
Burkina Faso,BFA,2007,3650000
Burkina Faso,BFA,2008,8260000
Burkina Faso,BFA,2009,740000
Burkina Faso,BFA,2010,1380000
Burkina Faso,BFA,2011,30000
Burkina Faso,BFA,2012,1520000
Burkina Faso,BFA,2013,33590000
Burkina Faso,BFA,2014,39900000
Burkina Faso,BFA,2015,180000
Burkina Faso,BFA,2016,30090000
Burkina Faso,BFA,2017,21360000
Burkina Faso,BFA,2018,36130000
Burkina Faso,BFA,2019,47430000
Burkina Faso,BFA,2020,162560000
Burkina Faso,BFA,2021,48550000
Burundi,BDI,2000,0
Burundi,BDI,2001,0
Burundi,BDI,2002,0
Burundi,BDI,2003,0
Burundi,BDI,2004,0
Burundi,BDI,2005,0
Burundi,BDI,2006,0
Burundi,BDI,2007,0
Burundi,BDI,2008,10000
Burundi,BDI,2009,90000
Burundi,BDI,2010,13740000
Burundi,BDI,2011,10000
Burundi,BDI,2012,6460000
Burundi,BDI,2013,99110000
Burundi,BDI,2014,144930000
Burundi,BDI,2015,2550000
Burundi,BDI,2016,60000
Burundi,BDI,2017,17540000
Burundi,BDI,2018,10300000
Burundi,BDI,2019,92930000
Burundi,BDI,2020,111540000
Burundi,BDI,2021,0
Cambodia,KHM,2000,0
Cambodia,KHM,2001,0
Cambodia,KHM,2002,0
Cambodia,KHM,2003,4750000
Cambodia,KHM,2004,404570000
Cambodia,KHM,2005,1290000
Cambodia,KHM,2006,10670000
Cambodia,KHM,2007,0
Cambodia,KHM,2008,65180000.00000001
Cambodia,KHM,2009,3890000
Cambodia,KHM,2010,673310000
Cambodia,KHM,2011,1150000
Cambodia,KHM,2012,730000
Cambodia,KHM,2013,420950000
Cambodia,KHM,2014,430000
Cambodia,KHM,2015,8380000.000000001
Cambodia,KHM,2016,160910000
Cambodia,KHM,2017,3850000
Cambodia,KHM,2018,16180000
Cambodia,KHM,2019,370000
Cambodia,KHM,2020,27940000
Cambodia,KHM,2021,30250000
Cameroon,CMR,2000,0
Cameroon,CMR,2001,0
Cameroon,CMR,2002,10000
Cameroon,CMR,2003,10000
Cameroon,CMR,2004,20000
Cameroon,CMR,2005,0
Cameroon,CMR,2006,11520000
Cameroon,CMR,2007,0
Cameroon,CMR,2008,500000
Cameroon,CMR,2009,160000
Cameroon,CMR,2010,53380000
Cameroon,CMR,2011,40000
Cameroon,CMR,2012,730270000
Cameroon,CMR,2013,20000
Cameroon,CMR,2014,11500000
Cameroon,CMR,2015,2100000
Cameroon,CMR,2016,80020000
Cameroon,CMR,2017,170190000
Cameroon,CMR,2018,1045190000
Cameroon,CMR,2019,7610000
Cameroon,CMR,2020,44560000
Cameroon,CMR,2021,6890000
Cape Verde,CPV,2000,0
Cape Verde,CPV,2001,2760000
Cape Verde,CPV,2002,0
Cape Verde,CPV,2003,0
Cape Verde,CPV,2004,0
Cape Verde,CPV,2005,20000
Cape Verde,CPV,2006,0
Cape Verde,CPV,2007,0
Cape Verde,CPV,2008,450000
Cape Verde,CPV,2009,190000
Cape Verde,CPV,2010,71570000
Cape Verde,CPV,2011,14840000
Cape Verde,CPV,2012,17210000
Cape Verde,CPV,2013,16399999.999999998
Cape Verde,CPV,2014,7480000
Cape Verde,CPV,2015,3290000
Cape Verde,CPV,2016,8289999.999999999
Cape Verde,CPV,2017,110000
Cape Verde,CPV,2018,0
Cape Verde,CPV,2019,1260000
Cape Verde,CPV,2020,2450000
Cape Verde,CPV,2021,11180000
Central African Republic,CAF,2000,0
Central African Republic,CAF,2001,0
Central African Republic,CAF,2002,0
Central African Republic,CAF,2003,0
Central African Republic,CAF,2004,0
Central African Republic,CAF,2005,0
Central African Republic,CAF,2006,0
Central African Republic,CAF,2007,0
Central African Republic,CAF,2008,0
Central African Republic,CAF,2009,4300000
Central African Republic,CAF,2010,0
Central African Republic,CAF,2011,32479999.999999996
Central African Republic,CAF,2012,0
Central African Republic,CAF,2013,0
Central African Republic,CAF,2014,0
Central African Republic,CAF,2015,9670000
Central African Republic,CAF,2016,0
Central African Republic,CAF,2017,30000
Central African Republic,CAF,2018,3830000
Central African Republic,CAF,2019,51440000
Central African Republic,CAF,2020,6000000
Central African Republic,CAF,2021,0
Central and Southern Asia (UN),,2000,600150000
Central and Southern Asia (UN),,2001,858630000
Central and Southern Asia (UN),,2002,546720000
Central and Southern Asia (UN),,2003,173570000
Central and Southern Asia (UN),,2004,435780000
Central and Southern Asia (UN),,2005,305460000
Central and Southern Asia (UN),,2006,559900000
Central and Southern Asia (UN),,2007,881430000
Central and Southern Asia (UN),,2008,637200000
Central and Southern Asia (UN),,2009,521130000
Central and Southern Asia (UN),,2010,805600000
Central and Southern Asia (UN),,2011,2779540000
Central and Southern Asia (UN),,2012,3152290000
Central and Southern Asia (UN),,2013,1974110000
Central and Southern Asia (UN),,2014,1987840000
Central and Southern Asia (UN),,2015,2384420000
Central and Southern Asia (UN),,2016,3796770000
Central and Southern Asia (UN),,2017,5350990000
Central and Southern Asia (UN),,2018,2855230000
Central and Southern Asia (UN),,2019,2550960000
Central and Southern Asia (UN),,2020,2991870000
Central and Southern Asia (UN),,2021,2760120000
Chad,TCD,2000,0
Chad,TCD,2001,6090000
Chad,TCD,2002,0
Chad,TCD,2003,0
Chad,TCD,2004,0
Chad,TCD,2005,0
Chad,TCD,2006,0
Chad,TCD,2007,26790000
Chad,TCD,2008,0
Chad,TCD,2009,0
Chad,TCD,2010,0
Chad,TCD,2011,0
Chad,TCD,2012,0
Chad,TCD,2013,30000
Chad,TCD,2014,20000
Chad,TCD,2015,20000
Chad,TCD,2016,42450000
Chad,TCD,2017,10000
Chad,TCD,2018,0
Chad,TCD,2019,20250000
Chad,TCD,2020,11230000
Chad,TCD,2021,11360000
Chile,CHL,2000,460000
Chile,CHL,2001,160000
Chile,CHL,2002,40000
Chile,CHL,2003,80000
Chile,CHL,2004,2850000
Chile,CHL,2005,51770000
Chile,CHL,2006,110000
Chile,CHL,2007,95710000
Chile,CHL,2008,67760000
Chile,CHL,2009,58240000
Chile,CHL,2010,3290000
Chile,CHL,2011,70990000
Chile,CHL,2012,994570000
Chile,CHL,2013,1377530000
Chile,CHL,2014,1126830000
Chile,CHL,2015,116360000
Chile,CHL,2016,308310000
Chile,CHL,2017,215050000
Chile,CHL,2018,0
Chile,CHL,2019,0
Chile,CHL,2020,960000
Chile,CHL,2021,36190000
China,CHN,2000,250790000
China,CHN,2001,336580000
China,CHN,2002,225670000
China,CHN,2003,23290000
China,CHN,2004,33680000
China,CHN,2005,159310000
China,CHN,2006,131220000
China,CHN,2007,25420000
China,CHN,2008,147750000
China,CHN,2009,60050000
China,CHN,2010,134910000
China,CHN,2011,44180000
China,CHN,2012,103210000
China,CHN,2013,309450000
China,CHN,2014,236850000
China,CHN,2015,94460000
China,CHN,2016,1312350000
China,CHN,2017,383390000
China,CHN,2018,327480000
China,CHN,2019,207200000
China,CHN,2020,114580000
China,CHN,2021,96180000
Colombia,COL,2000,0
Colombia,COL,2001,0
Colombia,COL,2002,90000
Colombia,COL,2003,10000
Colombia,COL,2004,0
Colombia,COL,2005,229260000
Colombia,COL,2006,2000000
Colombia,COL,2007,800000
Colombia,COL,2008,16340000
Colombia,COL,2009,10000
Colombia,COL,2010,3550000
Colombia,COL,2011,790000
Colombia,COL,2012,1900000
Colombia,COL,2013,330000
Colombia,COL,2014,55970000
Colombia,COL,2015,23310000
Colombia,COL,2016,1494350000
Colombia,COL,2017,190540000
Colombia,COL,2018,148230000
Colombia,COL,2019,156730000
Colombia,COL,2020,50210000
Colombia,COL,2021,93870000
Comoros,COM,2000,0
Comoros,COM,2001,0
Comoros,COM,2002,0
Comoros,COM,2003,0
Comoros,COM,2004,0
Comoros,COM,2005,0
Comoros,COM,2006,0
Comoros,COM,2007,0
Comoros,COM,2008,0
Comoros,COM,2009,0
Comoros,COM,2010,0
Comoros,COM,2011,0
Comoros,COM,2012,320000
Comoros,COM,2013,20000
Comoros,COM,2014,130000
Comoros,COM,2015,980000
Comoros,COM,2016,20000
Comoros,COM,2017,11490000
Comoros,COM,2018,130000
Comoros,COM,2019,17150000
Comoros,COM,2020,16900000
Comoros,COM,2021,30000
Congo,COG,2000,160000
Congo,COG,2001,0
Congo,COG,2002,0
Congo,COG,2003,510100000
Congo,COG,2004,0
Congo,COG,2005,0
Congo,COG,2006,0
Congo,COG,2007,0
Congo,COG,2008,0
Congo,COG,2009,0
Congo,COG,2010,0
Congo,COG,2011,0
Congo,COG,2012,113560000
Congo,COG,2013,1930000
Congo,COG,2014,0
Congo,COG,2015,0
Congo,COG,2016,90000
Congo,COG,2017,0
Congo,COG,2018,21200000
Congo,COG,2019,90000
Congo,COG,2020,310000
Congo,COG,2021,520000
Cook Islands,COK,2000,0
Cook Islands,COK,2001,0
Cook Islands,COK,2002,0
Cook Islands,COK,2003,0
Cook Islands,COK,2004,0
Cook Islands,COK,2005,0
Cook Islands,COK,2006,0
Cook Islands,COK,2007,0
Cook Islands,COK,2008,0
Cook Islands,COK,2009,0
Cook Islands,COK,2010,0
Cook Islands,COK,2011,3430000
Cook Islands,COK,2012,4960000
Cook Islands,COK,2013,7390000
Cook Islands,COK,2014,14820000
Cook Islands,COK,2015,18580000
Cook Islands,COK,2016,4570000
Cook Islands,COK,2017,0
Cook Islands,COK,2018,0
Cook Islands,COK,2019,0
Cook Islands,COK,2020,0
Cook Islands,COK,2021,0
Costa Rica,CRI,2000,100000
Costa Rica,CRI,2001,145020000
Costa Rica,CRI,2002,0
Costa Rica,CRI,2003,17240000
Costa Rica,CRI,2004,90000
Costa Rica,CRI,2005,110000
Costa Rica,CRI,2006,90000
Costa Rica,CRI,2007,710000
Costa Rica,CRI,2008,90000
Costa Rica,CRI,2009,10000
Costa Rica,CRI,2010,7900000
Costa Rica,CRI,2011,134290000
Costa Rica,CRI,2012,560440000
Costa Rica,CRI,2013,126390000
Costa Rica,CRI,2014,166190000
Costa Rica,CRI,2015,448210000
Costa Rica,CRI,2016,178190000
Costa Rica,CRI,2017,259910000.00000003
Costa Rica,CRI,2018,28760000
Costa Rica,CRI,2019,700000
Costa Rica,CRI,2020,300200000
Costa Rica,CRI,2021,14480000
Cote d'Ivoire,CIV,2000,14260000
Cote d'Ivoire,CIV,2001,0
Cote d'Ivoire,CIV,2002,0
Cote d'Ivoire,CIV,2003,0
Cote d'Ivoire,CIV,2004,0
Cote d'Ivoire,CIV,2005,0
Cote d'Ivoire,CIV,2006,0
Cote d'Ivoire,CIV,2007,0
Cote d'Ivoire,CIV,2008,0
Cote d'Ivoire,CIV,2009,0
Cote d'Ivoire,CIV,2010,920000
Cote d'Ivoire,CIV,2011,15630000
Cote d'Ivoire,CIV,2012,270000
Cote d'Ivoire,CIV,2013,478850000
Cote d'Ivoire,CIV,2014,0
Cote d'Ivoire,CIV,2015,850000
Cote d'Ivoire,CIV,2016,35870000
Cote d'Ivoire,CIV,2017,28840000
Cote d'Ivoire,CIV,2018,32020000.000000004
Cote d'Ivoire,CIV,2019,59640000
Cote d'Ivoire,CIV,2020,357480000
Cote d'Ivoire,CIV,2021,312160000
Cuba,CUB,2000,810000
Cuba,CUB,2001,4630000
Cuba,CUB,2002,1620000
Cuba,CUB,2003,370000
Cuba,CUB,2004,930000
Cuba,CUB,2005,420000
Cuba,CUB,2006,400000
Cuba,CUB,2007,10000
Cuba,CUB,2008,50000
Cuba,CUB,2009,940000
Cuba,CUB,2010,4310000
Cuba,CUB,2011,1350000
Cuba,CUB,2012,430000
Cuba,CUB,2013,3190000
Cuba,CUB,2014,40000
Cuba,CUB,2015,77070000
Cuba,CUB,2016,31860000
Cuba,CUB,2017,111680000
Cuba,CUB,2018,7440000
Cuba,CUB,2019,5800000
Cuba,CUB,2020,3010000
Cuba,CUB,2021,120000
Democratic Republic of Congo,COD,2000,0
Democratic Republic of Congo,COD,2001,40000
Democratic Republic of Congo,COD,2002,70000
Democratic Republic of Congo,COD,2003,0
Democratic Republic of Congo,COD,2004,0
Democratic Republic of Congo,COD,2005,1280000
Democratic Republic of Congo,COD,2006,0
Democratic Republic of Congo,COD,2007,216360000
Democratic Republic of Congo,COD,2008,55820000
Democratic Republic of Congo,COD,2009,60000
Democratic Republic of Congo,COD,2010,420000
Democratic Republic of Congo,COD,2011,1283870000
Democratic Republic of Congo,COD,2012,80000
Democratic Republic of Congo,COD,2013,26580000
Democratic Republic of Congo,COD,2014,74150000
Democratic Republic of Congo,COD,2015,630000
Democratic Republic of Congo,COD,2016,24620000
Democratic Republic of Congo,COD,2017,45000000
Democratic Republic of Congo,COD,2018,80000
Democratic Republic of Congo,COD,2019,360000
Democratic Republic of Congo,COD,2020,600000
Democratic Republic of Congo,COD,2021,39900000
Djibouti,DJI,2000,0
Djibouti,DJI,2001,0
Djibouti,DJI,2002,0
Djibouti,DJI,2003,0
Djibouti,DJI,2004,0
Djibouti,DJI,2005,6100000
Djibouti,DJI,2006,0
Djibouti,DJI,2007,0
Djibouti,DJI,2008,0
Djibouti,DJI,2009,5770000
Djibouti,DJI,2010,12730000
Djibouti,DJI,2011,10000
Djibouti,DJI,2012,9730000
Djibouti,DJI,2013,8440000
Djibouti,DJI,2014,3280000
Djibouti,DJI,2015,970000
Djibouti,DJI,2016,1330000
Djibouti,DJI,2017,1790000
Djibouti,DJI,2018,31310000
Djibouti,DJI,2019,27910000
Djibouti,DJI,2020,1480000
Djibouti,DJI,2021,380000
Dominica,DMA,2000,0
Dominica,DMA,2001,0
Dominica,DMA,2002,0
Dominica,DMA,2003,0
Dominica,DMA,2004,0
Dominica,DMA,2005,0
Dominica,DMA,2006,0
Dominica,DMA,2007,0
Dominica,DMA,2008,0
Dominica,DMA,2009,0
Dominica,DMA,2010,0
Dominica,DMA,2011,0
Dominica,DMA,2012,0
Dominica,DMA,2013,7980000
Dominica,DMA,2014,1750000
Dominica,DMA,2015,0
Dominica,DMA,2016,0
Dominica,DMA,2017,13630000
Dominica,DMA,2018,1700000
Dominica,DMA,2019,9190000
Dominica,DMA,2020,0
Dominica,DMA,2021,0
Dominican Republic,DOM,2000,11520000
Dominican Republic,DOM,2001,4330000
Dominican Republic,DOM,2002,680000
Dominican Republic,DOM,2003,0
Dominican Republic,DOM,2004,460000
Dominican Republic,DOM,2005,6530000
Dominican Republic,DOM,2006,530000
Dominican Republic,DOM,2007,380000
Dominican Republic,DOM,2008,150000
Dominican Republic,DOM,2009,320000
Dominican Republic,DOM,2010,80560000
Dominican Republic,DOM,2011,250000
Dominican Republic,DOM,2012,1430000
Dominican Republic,DOM,2013,20000
Dominican Republic,DOM,2014,450000
Dominican Republic,DOM,2015,70000
Dominican Republic,DOM,2016,84140000
Dominican Republic,DOM,2017,85420000
Dominican Republic,DOM,2018,380000
Dominican Republic,DOM,2019,43870000
Dominican Republic,DOM,2020,980000
Dominican Republic,DOM,2021,100250000
East Timor,TLS,2000,0
East Timor,TLS,2001,0
East Timor,TLS,2002,0
East Timor,TLS,2003,3680000
East Timor,TLS,2004,0
East Timor,TLS,2005,1220000
East Timor,TLS,2006,1300000
East Timor,TLS,2007,1060000
East Timor,TLS,2008,60000
East Timor,TLS,2009,150000
East Timor,TLS,2010,5230000
East Timor,TLS,2011,240000
East Timor,TLS,2012,2029999.9999999998
East Timor,TLS,2013,470000
East Timor,TLS,2014,10000
East Timor,TLS,2015,0
East Timor,TLS,2016,1080000
East Timor,TLS,2017,0
East Timor,TLS,2018,0
East Timor,TLS,2019,20000
East Timor,TLS,2020,1770000
East Timor,TLS,2021,2870000
Eastern and South-Eastern Asia (UN),,2000,421030000
Eastern and South-Eastern Asia (UN),,2001,454720000
Eastern and South-Eastern Asia (UN),,2002,350750000
Eastern and South-Eastern Asia (UN),,2003,708470000
Eastern and South-Eastern Asia (UN),,2004,1092210000
Eastern and South-Eastern Asia (UN),,2005,436520000
Eastern and South-Eastern Asia (UN),,2006,684950000
Eastern and South-Eastern Asia (UN),,2007,858590000
Eastern and South-Eastern Asia (UN),,2008,587000000
Eastern and South-Eastern Asia (UN),,2009,991380000
Eastern and South-Eastern Asia (UN),,2010,1101250000
Eastern and South-Eastern Asia (UN),,2011,2856620000
Eastern and South-Eastern Asia (UN),,2012,454680000
Eastern and South-Eastern Asia (UN),,2013,2165780000
Eastern and South-Eastern Asia (UN),,2014,1912150000
Eastern and South-Eastern Asia (UN),,2015,778660000
Eastern and South-Eastern Asia (UN),,2016,3274870000
Eastern and South-Eastern Asia (UN),,2017,3442190000
Eastern and South-Eastern Asia (UN),,2018,2511150000
Eastern and South-Eastern Asia (UN),,2019,912290000
Eastern and South-Eastern Asia (UN),,2020,1097940000
Eastern and South-Eastern Asia (UN),,2021,1349290000
Ecuador,ECU,2000,2300000
Ecuador,ECU,2001,2200000
Ecuador,ECU,2002,860000
Ecuador,ECU,2003,370000
Ecuador,ECU,2004,320000
Ecuador,ECU,2005,8620000
Ecuador,ECU,2006,10000
Ecuador,ECU,2007,0
Ecuador,ECU,2008,2870000
Ecuador,ECU,2009,1320000
Ecuador,ECU,2010,2780510000
Ecuador,ECU,2011,390500000
Ecuador,ECU,2012,27200000
Ecuador,ECU,2013,328000000
Ecuador,ECU,2014,503520000
Ecuador,ECU,2015,31950000
Ecuador,ECU,2016,138360000
Ecuador,ECU,2017,38320000
Ecuador,ECU,2018,890000
Ecuador,ECU,2019,61720000
Ecuador,ECU,2020,70180000
Ecuador,ECU,2021,2640000
Egypt,EGY,2000,10920000
Egypt,EGY,2001,32770000.000000004
Egypt,EGY,2002,550000
Egypt,EGY,2003,217130000
Egypt,EGY,2004,48950000
Egypt,EGY,2005,106610000
Egypt,EGY,2006,520000
Egypt,EGY,2007,101220000
Egypt,EGY,2008,88750000
Egypt,EGY,2009,264339999.99999997
Egypt,EGY,2010,1057800000
Egypt,EGY,2011,122640000
Egypt,EGY,2012,15460000
Egypt,EGY,2013,164250000
Egypt,EGY,2014,80000
Egypt,EGY,2015,247310000
Egypt,EGY,2016,321410000
Egypt,EGY,2017,1960730000
Egypt,EGY,2018,24480000
Egypt,EGY,2019,344330000
Egypt,EGY,2020,243900000
Egypt,EGY,2021,152620000
El Salvador,SLV,2000,0
El Salvador,SLV,2001,0
El Salvador,SLV,2002,0
El Salvador,SLV,2003,0
El Salvador,SLV,2004,1350000
El Salvador,SLV,2005,0
El Salvador,SLV,2006,0
El Salvador,SLV,2007,250000
El Salvador,SLV,2008,20000
El Salvador,SLV,2009,110000
El Salvador,SLV,2010,57860000
El Salvador,SLV,2011,990000
El Salvador,SLV,2012,1470000
El Salvador,SLV,2013,69800000
El Salvador,SLV,2014,288280000
El Salvador,SLV,2015,78860000
El Salvador,SLV,2016,212090000
El Salvador,SLV,2017,529880000
El Salvador,SLV,2018,60130000
El Salvador,SLV,2019,1210000
El Salvador,SLV,2020,760000
El Salvador,SLV,2021,1870000
Equatorial Guinea,GNQ,2000,0
Equatorial Guinea,GNQ,2001,190000
Equatorial Guinea,GNQ,2002,170000
Equatorial Guinea,GNQ,2003,40000
Equatorial Guinea,GNQ,2004,0
Equatorial Guinea,GNQ,2005,0
Equatorial Guinea,GNQ,2006,459380000
Equatorial Guinea,GNQ,2007,0
Equatorial Guinea,GNQ,2008,0
Equatorial Guinea,GNQ,2009,0
Equatorial Guinea,GNQ,2010,0
Equatorial Guinea,GNQ,2011,0
Equatorial Guinea,GNQ,2012,0
Equatorial Guinea,GNQ,2013,3510000
Equatorial Guinea,GNQ,2014,0
Equatorial Guinea,GNQ,2015,20000
Equatorial Guinea,GNQ,2016,0
Equatorial Guinea,GNQ,2017,0
Equatorial Guinea,GNQ,2018,0
Equatorial Guinea,GNQ,2019,0
Equatorial Guinea,GNQ,2020,0
Equatorial Guinea,GNQ,2021,0
Eritrea,ERI,2000,0
Eritrea,ERI,2001,0
Eritrea,ERI,2002,0
Eritrea,ERI,2003,0
Eritrea,ERI,2004,0
Eritrea,ERI,2005,0
Eritrea,ERI,2006,0
Eritrea,ERI,2007,460000
Eritrea,ERI,2008,70000
Eritrea,ERI,2009,30000
Eritrea,ERI,2010,50000
Eritrea,ERI,2011,260000
Eritrea,ERI,2012,0
Eritrea,ERI,2013,0
Eritrea,ERI,2014,0
Eritrea,ERI,2015,112470000
Eritrea,ERI,2016,0
Eritrea,ERI,2017,88340000
Eritrea,ERI,2018,30000
Eritrea,ERI,2019,0
Eritrea,ERI,2020,0
Eritrea,ERI,2021,0
Eswatini,SWZ,2000,0
Eswatini,SWZ,2001,0
Eswatini,SWZ,2002,0
Eswatini,SWZ,2003,10170000
Eswatini,SWZ,2004,0
Eswatini,SWZ,2005,0
Eswatini,SWZ,2006,0
Eswatini,SWZ,2007,0
Eswatini,SWZ,2008,0
Eswatini,SWZ,2009,0
Eswatini,SWZ,2010,0
Eswatini,SWZ,2011,0
Eswatini,SWZ,2012,0
Eswatini,SWZ,2013,0
Eswatini,SWZ,2014,0
Eswatini,SWZ,2015,1070000
Eswatini,SWZ,2016,0
Eswatini,SWZ,2017,0
Eswatini,SWZ,2018,0
Eswatini,SWZ,2019,13660000
Eswatini,SWZ,2020,90000
Eswatini,SWZ,2021,190000
Ethiopia,ETH,2000,1560000
Ethiopia,ETH,2001,830000
Ethiopia,ETH,2002,206770000
Ethiopia,ETH,2003,7010000
Ethiopia,ETH,2004,630000
Ethiopia,ETH,2005,376930000
Ethiopia,ETH,2006,420000
Ethiopia,ETH,2007,202510000
Ethiopia,ETH,2008,330000
Ethiopia,ETH,2009,4237380000
Ethiopia,ETH,2010,94640000
Ethiopia,ETH,2011,108350000
Ethiopia,ETH,2012,53840000
Ethiopia,ETH,2013,289570000
Ethiopia,ETH,2014,655230000
Ethiopia,ETH,2015,317040000
Ethiopia,ETH,2016,55640000
Ethiopia,ETH,2017,364490000
Ethiopia,ETH,2018,34890000
Ethiopia,ETH,2019,59070000
Ethiopia,ETH,2020,3860000
Ethiopia,ETH,2021,391670000
Europe (UN),,2000,520000
Europe (UN),,2001,338580000
Europe (UN),,2002,20330000
Europe (UN),,2003,7820000
Europe (UN),,2004,14890000
Europe (UN),,2005,195670000
Europe (UN),,2006,35790000
Europe (UN),,2007,47020000
Europe (UN),,2008,41030000
Europe (UN),,2009,70360000
Europe (UN),,2010,264089999.99999997
Europe (UN),,2011,476050000
Europe (UN),,2012,54790000
Europe (UN),,2013,298670000
Europe (UN),,2014,371520000
Europe (UN),,2015,159860000
Europe (UN),,2016,456770000
Europe (UN),,2017,973190000
Europe (UN),,2018,939070000
Europe (UN),,2019,1171930000
Europe (UN),,2020,220700000
Europe (UN),,2021,400330000
Europe and Northern America (UN),,2000,520000
Europe and Northern America (UN),,2001,338580000
Europe and Northern America (UN),,2002,20330000
Europe and Northern America (UN),,2003,7820000
Europe and Northern America (UN),,2004,14890000
Europe and Northern America (UN),,2005,195670000
Europe and Northern America (UN),,2006,35790000
Europe and Northern America (UN),,2007,47020000
Europe and Northern America (UN),,2008,41030000
Europe and Northern America (UN),,2009,70360000
Europe and Northern America (UN),,2010,264089999.99999997
Europe and Northern America (UN),,2011,476050000
Europe and Northern America (UN),,2012,54790000
Europe and Northern America (UN),,2013,298670000
Europe and Northern America (UN),,2014,371520000
Europe and Northern America (UN),,2015,159860000
Europe and Northern America (UN),,2016,456770000
Europe and Northern America (UN),,2017,973190000
Europe and Northern America (UN),,2018,939070000
Europe and Northern America (UN),,2019,1171930000
Europe and Northern America (UN),,2020,220700000
Europe and Northern America (UN),,2021,400330000
Fiji,FJI,2000,0
Fiji,FJI,2001,0
Fiji,FJI,2002,0
Fiji,FJI,2003,0
Fiji,FJI,2004,320000
Fiji,FJI,2005,260000
Fiji,FJI,2006,0
Fiji,FJI,2007,50000
Fiji,FJI,2008,0
Fiji,FJI,2009,95020000
Fiji,FJI,2010,0
Fiji,FJI,2011,10000
Fiji,FJI,2012,120000
Fiji,FJI,2013,4830000
Fiji,FJI,2014,6850000
Fiji,FJI,2015,1760000
Fiji,FJI,2016,190000
Fiji,FJI,2017,50000
Fiji,FJI,2018,5620000
Fiji,FJI,2019,110000
Fiji,FJI,2020,4070000.0000000005
Fiji,FJI,2021,480000
French Polynesia,PYF,2000,0
French Polynesia,PYF,2001,0
French Polynesia,PYF,2002,0
French Polynesia,PYF,2003,0
French Polynesia,PYF,2004,0
French Polynesia,PYF,2005,0
French Polynesia,PYF,2006,0
French Polynesia,PYF,2007,0
French Polynesia,PYF,2008,0
French Polynesia,PYF,2009,0
French Polynesia,PYF,2010,0
French Polynesia,PYF,2011,0
French Polynesia,PYF,2012,250000
French Polynesia,PYF,2013,0
French Polynesia,PYF,2014,0
French Polynesia,PYF,2015,0
French Polynesia,PYF,2016,0
French Polynesia,PYF,2017,0
French Polynesia,PYF,2018,0
French Polynesia,PYF,2019,0
French Polynesia,PYF,2020,0
French Polynesia,PYF,2021,0
Gabon,GAB,2000,0
Gabon,GAB,2001,0
Gabon,GAB,2002,0
Gabon,GAB,2003,0
Gabon,GAB,2004,0
Gabon,GAB,2005,0
Gabon,GAB,2006,0
Gabon,GAB,2007,0
Gabon,GAB,2008,402490000
Gabon,GAB,2009,0
Gabon,GAB,2010,6460000
Gabon,GAB,2011,0
Gabon,GAB,2012,0
Gabon,GAB,2013,20000
Gabon,GAB,2014,10000
Gabon,GAB,2015,13440000
Gabon,GAB,2016,41820000
Gabon,GAB,2017,120000
Gabon,GAB,2018,20000
Gabon,GAB,2019,0
Gabon,GAB,2020,0
Gabon,GAB,2021,0
Gambia,GMB,2000,0
Gambia,GMB,2001,0
Gambia,GMB,2002,10000
Gambia,GMB,2003,0
Gambia,GMB,2004,0
Gambia,GMB,2005,0
Gambia,GMB,2006,0
Gambia,GMB,2007,0
Gambia,GMB,2008,0
Gambia,GMB,2009,0
Gambia,GMB,2010,0
Gambia,GMB,2011,10000
Gambia,GMB,2012,0
Gambia,GMB,2013,0
Gambia,GMB,2014,0
Gambia,GMB,2015,0
Gambia,GMB,2016,0
Gambia,GMB,2017,26300000
Gambia,GMB,2018,129150000
Gambia,GMB,2019,25970000
Gambia,GMB,2020,30650000
Gambia,GMB,2021,10000
Georgia,GEO,2000,0
Georgia,GEO,2001,18950000
Georgia,GEO,2002,0
Georgia,GEO,2003,1910000
Georgia,GEO,2004,3560000
Georgia,GEO,2005,9820000
Georgia,GEO,2006,2590000
Georgia,GEO,2007,0
Georgia,GEO,2008,0
Georgia,GEO,2009,930000
Georgia,GEO,2010,8580000
Georgia,GEO,2011,142080000
Georgia,GEO,2012,38430000
Georgia,GEO,2013,9860000
Georgia,GEO,2014,201540000
Georgia,GEO,2015,7050000
Georgia,GEO,2016,92980000
Georgia,GEO,2017,30730000
Georgia,GEO,2018,47660000
Georgia,GEO,2019,24680000
Georgia,GEO,2020,640000
Georgia,GEO,2021,4860000
Ghana,GHA,2000,4280000
Ghana,GHA,2001,1030000
Ghana,GHA,2002,20000
Ghana,GHA,2003,340000
Ghana,GHA,2004,260000
Ghana,GHA,2005,370000
Ghana,GHA,2006,27780000
Ghana,GHA,2007,912650000
Ghana,GHA,2008,8020000
Ghana,GHA,2009,640000
Ghana,GHA,2010,25310000
Ghana,GHA,2011,1420000
Ghana,GHA,2012,820000
Ghana,GHA,2013,2460000
Ghana,GHA,2014,7550000
Ghana,GHA,2015,62940000
Ghana,GHA,2016,519250000
Ghana,GHA,2017,8150000
Ghana,GHA,2018,29370000
Ghana,GHA,2019,16320000
Ghana,GHA,2020,17300000
Ghana,GHA,2021,14510000
Grenada,GRD,2000,0
Grenada,GRD,2001,0
Grenada,GRD,2002,0
Grenada,GRD,2003,460000
Grenada,GRD,2004,0
Grenada,GRD,2005,0
Grenada,GRD,2006,0
Grenada,GRD,2007,0
Grenada,GRD,2008,0
Grenada,GRD,2009,0
Grenada,GRD,2010,0
Grenada,GRD,2011,3200000
Grenada,GRD,2012,0
Grenada,GRD,2013,0
Grenada,GRD,2014,110000
Grenada,GRD,2015,1800000
Grenada,GRD,2016,0
Grenada,GRD,2017,740000
Grenada,GRD,2018,0
Grenada,GRD,2019,210000
Grenada,GRD,2020,0
Grenada,GRD,2021,3160000
Guatemala,GTM,2000,0
Guatemala,GTM,2001,0
Guatemala,GTM,2002,21630000
Guatemala,GTM,2003,0
Guatemala,GTM,2004,0
Guatemala,GTM,2005,40000
Guatemala,GTM,2006,0
Guatemala,GTM,2007,0
Guatemala,GTM,2008,50000
Guatemala,GTM,2009,20000
Guatemala,GTM,2010,9930000
Guatemala,GTM,2011,3940000
Guatemala,GTM,2012,57990000
Guatemala,GTM,2013,18310000
Guatemala,GTM,2014,24340000
Guatemala,GTM,2015,20000
Guatemala,GTM,2016,14870000
Guatemala,GTM,2017,870000
Guatemala,GTM,2018,11920000
Guatemala,GTM,2019,58840000
Guatemala,GTM,2020,240000
Guatemala,GTM,2021,12400000
Guinea,GIN,2000,220000
Guinea,GIN,2001,570000
Guinea,GIN,2002,5050000
Guinea,GIN,2003,0
Guinea,GIN,2004,0
Guinea,GIN,2005,0
Guinea,GIN,2006,2560000
Guinea,GIN,2007,520000
Guinea,GIN,2008,10000
Guinea,GIN,2009,0
Guinea,GIN,2010,0
Guinea,GIN,2011,362660000
Guinea,GIN,2012,6140000
Guinea,GIN,2013,0
Guinea,GIN,2014,60000
Guinea,GIN,2015,1250000
Guinea,GIN,2016,144590000
Guinea,GIN,2017,130000
Guinea,GIN,2018,1126780000
Guinea,GIN,2019,824420000
Guinea,GIN,2020,10000
Guinea,GIN,2021,10000
Guinea-Bissau,GNB,2000,0
Guinea-Bissau,GNB,2001,3460000
Guinea-Bissau,GNB,2002,4690000
Guinea-Bissau,GNB,2003,0
Guinea-Bissau,GNB,2004,170000
Guinea-Bissau,GNB,2005,0
Guinea-Bissau,GNB,2006,0
Guinea-Bissau,GNB,2007,0
Guinea-Bissau,GNB,2008,0
Guinea-Bissau,GNB,2009,40000
Guinea-Bissau,GNB,2010,20000
Guinea-Bissau,GNB,2011,230000
Guinea-Bissau,GNB,2012,110000
Guinea-Bissau,GNB,2013,200000
Guinea-Bissau,GNB,2014,210000
Guinea-Bissau,GNB,2015,0
Guinea-Bissau,GNB,2016,430000
Guinea-Bissau,GNB,2017,3460000
Guinea-Bissau,GNB,2018,4660000
Guinea-Bissau,GNB,2019,230000
Guinea-Bissau,GNB,2020,10000
Guinea-Bissau,GNB,2021,0
Guyana,GUY,2000,0
Guyana,GUY,2001,5370000
Guyana,GUY,2002,0
Guyana,GUY,2003,0
Guyana,GUY,2004,0
Guyana,GUY,2005,30000
Guyana,GUY,2006,0
Guyana,GUY,2007,0
Guyana,GUY,2008,0
Guyana,GUY,2009,0
Guyana,GUY,2010,1220000
Guyana,GUY,2011,0
Guyana,GUY,2012,90000
Guyana,GUY,2013,20000
Guyana,GUY,2014,20000
Guyana,GUY,2015,1510000
Guyana,GUY,2016,0
Guyana,GUY,2017,0
Guyana,GUY,2018,31690000
Guyana,GUY,2019,15040000
Guyana,GUY,2020,1540000
Guyana,GUY,2021,2860000
Haiti,HTI,2000,860000
Haiti,HTI,2001,0
Haiti,HTI,2002,0
Haiti,HTI,2003,0
Haiti,HTI,2004,0
Haiti,HTI,2005,320000
Haiti,HTI,2006,0
Haiti,HTI,2007,0
Haiti,HTI,2008,0
Haiti,HTI,2009,15240000
Haiti,HTI,2010,2370000
Haiti,HTI,2011,32270000.000000004
Haiti,HTI,2012,11830000
Haiti,HTI,2013,14320000
Haiti,HTI,2014,740000
Haiti,HTI,2015,50070000
Haiti,HTI,2016,7900000
Haiti,HTI,2017,26930000
Haiti,HTI,2018,780000
Haiti,HTI,2019,40600000
Haiti,HTI,2020,12400000
Haiti,HTI,2021,11990000
Honduras,HND,2000,33690000
Honduras,HND,2001,0
Honduras,HND,2002,0
Honduras,HND,2003,210000
Honduras,HND,2004,0
Honduras,HND,2005,6030000
Honduras,HND,2006,0
Honduras,HND,2007,20000
Honduras,HND,2008,20000
Honduras,HND,2009,130000
Honduras,HND,2010,132639999.99999999
Honduras,HND,2011,13490000
Honduras,HND,2012,23920000
Honduras,HND,2013,363950000
Honduras,HND,2014,181590000
Honduras,HND,2015,411320000
Honduras,HND,2016,221960000
Honduras,HND,2017,113460000
Honduras,HND,2018,100420000
Honduras,HND,2019,990000
Honduras,HND,2020,82670000
Honduras,HND,2021,16820000
Hong Kong,HKG,2000,0
Hong Kong,HKG,2001,0
Hong Kong,HKG,2002,0
Hong Kong,HKG,2003,0
Hong Kong,HKG,2004,0
Hong Kong,HKG,2005,0
Hong Kong,HKG,2006,0
Hong Kong,HKG,2007,0
Hong Kong,HKG,2008,0
Hong Kong,HKG,2009,0
Hong Kong,HKG,2010,0
Hong Kong,HKG,2011,0
Hong Kong,HKG,2012,0
Hong Kong,HKG,2013,0
Hong Kong,HKG,2014,0
Hong Kong,HKG,2015,0
Hong Kong,HKG,2016,0
Hong Kong,HKG,2017,0
Hong Kong,HKG,2018,0
Hong Kong,HKG,2019,0
Hong Kong,HKG,2020,0
Hong Kong,HKG,2021,0
India,IND,2000,500000000
India,IND,2001,200270000
India,IND,2002,17410000
India,IND,2003,10820000
India,IND,2004,412720000
India,IND,2005,181680000
India,IND,2006,166750000
India,IND,2007,477370000
India,IND,2008,380670000
India,IND,2009,210350000
India,IND,2010,383080000
India,IND,2011,2006610000
India,IND,2012,1147140000
India,IND,2013,602910000
India,IND,2014,722700000
India,IND,2015,929630000
India,IND,2016,2257530000
India,IND,2017,890320000
India,IND,2018,1872630000
India,IND,2019,908880000
India,IND,2020,1677240000
India,IND,2021,1275080000
Indonesia,IDN,2000,2360000
Indonesia,IDN,2001,5340000
Indonesia,IDN,2002,120000
Indonesia,IDN,2003,206600000
Indonesia,IDN,2004,53430000
Indonesia,IDN,2005,195130000
Indonesia,IDN,2006,265000000
Indonesia,IDN,2007,606360000
Indonesia,IDN,2008,20260000
Indonesia,IDN,2009,29980000
Indonesia,IDN,2010,47470000
Indonesia,IDN,2011,973700000
Indonesia,IDN,2012,16670000.000000002
Indonesia,IDN,2013,251620000
Indonesia,IDN,2014,908790000
Indonesia,IDN,2015,391570000
Indonesia,IDN,2016,349780000
Indonesia,IDN,2017,309960000
Indonesia,IDN,2018,1088530000
Indonesia,IDN,2019,222070000
Indonesia,IDN,2020,416420000
Indonesia,IDN,2021,350460000
Iran,IRN,2000,64440000
Iran,IRN,2001,287710000
Iran,IRN,2002,0
Iran,IRN,2003,0
Iran,IRN,2004,0
Iran,IRN,2005,0
Iran,IRN,2006,0
Iran,IRN,2007,0
Iran,IRN,2008,0
Iran,IRN,2009,20000
Iran,IRN,2010,0
Iran,IRN,2011,0
Iran,IRN,2012,0
Iran,IRN,2013,0
Iran,IRN,2014,90000
Iran,IRN,2015,210000
Iran,IRN,2016,90000
Iran,IRN,2017,280000
Iran,IRN,2018,3650000
Iran,IRN,2019,0
Iran,IRN,2020,10000
Iran,IRN,2021,0
Iraq,IRQ,2000,0
Iraq,IRQ,2001,0
Iraq,IRQ,2002,0
Iraq,IRQ,2003,24120000
Iraq,IRQ,2004,0
Iraq,IRQ,2005,0
Iraq,IRQ,2006,44430000
Iraq,IRQ,2007,35510000
Iraq,IRQ,2008,80000
Iraq,IRQ,2009,150000
Iraq,IRQ,2010,163900000
Iraq,IRQ,2011,0
Iraq,IRQ,2012,2310000
Iraq,IRQ,2013,0
Iraq,IRQ,2014,20000
Iraq,IRQ,2015,0
Iraq,IRQ,2016,267660000.00000003
Iraq,IRQ,2017,116620000
Iraq,IRQ,2018,0
Iraq,IRQ,2019,0
Iraq,IRQ,2020,550000
Iraq,IRQ,2021,1890000
Jamaica,JAM,2000,5370000
Jamaica,JAM,2001,9460000
Jamaica,JAM,2002,0
Jamaica,JAM,2003,0
Jamaica,JAM,2004,0
Jamaica,JAM,2005,0
Jamaica,JAM,2006,0
Jamaica,JAM,2007,0
Jamaica,JAM,2008,420000
Jamaica,JAM,2009,120000
Jamaica,JAM,2010,170000
Jamaica,JAM,2011,9090000
Jamaica,JAM,2012,120000
Jamaica,JAM,2013,0
Jamaica,JAM,2014,58660000
Jamaica,JAM,2015,89020000
Jamaica,JAM,2016,18040000
Jamaica,JAM,2017,910000
Jamaica,JAM,2018,73560000
Jamaica,JAM,2019,180000
Jamaica,JAM,2020,3000000
Jamaica,JAM,2021,13770000
Jordan,JOR,2000,0
Jordan,JOR,2001,0
Jordan,JOR,2002,40000
Jordan,JOR,2003,250000
Jordan,JOR,2004,0
Jordan,JOR,2005,20000
Jordan,JOR,2006,0
Jordan,JOR,2007,200000
Jordan,JOR,2008,80000
Jordan,JOR,2009,14650000
Jordan,JOR,2010,7100000
Jordan,JOR,2011,48530000
Jordan,JOR,2012,10000
Jordan,JOR,2013,146240000
Jordan,JOR,2014,160430000
Jordan,JOR,2015,260019999.99999997
Jordan,JOR,2016,567320000
Jordan,JOR,2017,448690000
Jordan,JOR,2018,91460000
Jordan,JOR,2019,76350000
Jordan,JOR,2020,37170000
Jordan,JOR,2021,23050000
Kazakhstan,KAZ,2000,0
Kazakhstan,KAZ,2001,0
Kazakhstan,KAZ,2002,0
Kazakhstan,KAZ,2003,0
Kazakhstan,KAZ,2004,0
Kazakhstan,KAZ,2005,0
Kazakhstan,KAZ,2006,357500000
Kazakhstan,KAZ,2007,59820000
Kazakhstan,KAZ,2008,2770000
Kazakhstan,KAZ,2009,0
Kazakhstan,KAZ,2010,1400000
Kazakhstan,KAZ,2011,1760000
Kazakhstan,KAZ,2012,28190000
Kazakhstan,KAZ,2013,20000
Kazakhstan,KAZ,2014,38360000
Kazakhstan,KAZ,2015,49760000
Kazakhstan,KAZ,2016,47120000
Kazakhstan,KAZ,2017,154300000
Kazakhstan,KAZ,2018,257250000
Kazakhstan,KAZ,2019,607480000
Kazakhstan,KAZ,2020,28040000
Kazakhstan,KAZ,2021,42580000
Kenya,KEN,2000,100000
Kenya,KEN,2001,0
Kenya,KEN,2002,0
Kenya,KEN,2003,340000
Kenya,KEN,2004,139970000
Kenya,KEN,2005,45600000
Kenya,KEN,2006,10000
Kenya,KEN,2007,61060000
Kenya,KEN,2008,31320000
Kenya,KEN,2009,36380000
Kenya,KEN,2010,750060000
Kenya,KEN,2011,521289999.99999994
Kenya,KEN,2012,147660000
Kenya,KEN,2013,16780000
Kenya,KEN,2014,835790000
Kenya,KEN,2015,546810000
Kenya,KEN,2016,722840000
Kenya,KEN,2017,304330000
Kenya,KEN,2018,276750000
Kenya,KEN,2019,224400000
Kenya,KEN,2020,36350000
Kenya,KEN,2021,104920000
Kiribati,KIR,2000,0
Kiribati,KIR,2001,0
Kiribati,KIR,2002,0
Kiribati,KIR,2003,0
Kiribati,KIR,2004,0
Kiribati,KIR,2005,0
Kiribati,KIR,2006,0
Kiribati,KIR,2007,0
Kiribati,KIR,2008,0
Kiribati,KIR,2009,5340000
Kiribati,KIR,2010,1000000
Kiribati,KIR,2011,0
Kiribati,KIR,2012,0
Kiribati,KIR,2013,4820000
Kiribati,KIR,2014,4450000
Kiribati,KIR,2015,0
Kiribati,KIR,2016,0
Kiribati,KIR,2017,0
Kiribati,KIR,2018,890000
Kiribati,KIR,2019,0
Kiribati,KIR,2020,12500000
Kiribati,KIR,2021,0
Kosovo,OWID_KOS,2000,0
Kosovo,OWID_KOS,2001,0
Kosovo,OWID_KOS,2002,0
Kosovo,OWID_KOS,2003,0
Kosovo,OWID_KOS,2004,0
Kosovo,OWID_KOS,2005,0
Kosovo,OWID_KOS,2006,0
Kosovo,OWID_KOS,2007,0
Kosovo,OWID_KOS,2008,0
Kosovo,OWID_KOS,2009,0
Kosovo,OWID_KOS,2010,0
Kosovo,OWID_KOS,2011,0
Kosovo,OWID_KOS,2012,0
Kosovo,OWID_KOS,2013,280000
Kosovo,OWID_KOS,2014,27330000
Kosovo,OWID_KOS,2015,25640000
Kosovo,OWID_KOS,2016,0
Kosovo,OWID_KOS,2017,700000
Kosovo,OWID_KOS,2018,590000
Kosovo,OWID_KOS,2019,87960000
Kosovo,OWID_KOS,2020,20000
Kosovo,OWID_KOS,2021,70000
Kyrgyzstan,KGZ,2000,8710000
Kyrgyzstan,KGZ,2001,0
Kyrgyzstan,KGZ,2002,0
Kyrgyzstan,KGZ,2003,0
Kyrgyzstan,KGZ,2004,50000
Kyrgyzstan,KGZ,2005,0
Kyrgyzstan,KGZ,2006,0
Kyrgyzstan,KGZ,2007,0
Kyrgyzstan,KGZ,2008,410000
Kyrgyzstan,KGZ,2009,170000
Kyrgyzstan,KGZ,2010,1480000
Kyrgyzstan,KGZ,2011,25010000
Kyrgyzstan,KGZ,2012,620000
Kyrgyzstan,KGZ,2013,14200000
Kyrgyzstan,KGZ,2014,0
Kyrgyzstan,KGZ,2015,20000
Kyrgyzstan,KGZ,2016,39260000
Kyrgyzstan,KGZ,2017,1280000
Kyrgyzstan,KGZ,2018,80000
Kyrgyzstan,KGZ,2019,88600000
Kyrgyzstan,KGZ,2020,60000
Kyrgyzstan,KGZ,2021,0
Laos,LAO,2000,0
Laos,LAO,2001,0
Laos,LAO,2002,10610000
Laos,LAO,2003,150000
Laos,LAO,2004,361970000
Laos,LAO,2005,55170000
Laos,LAO,2006,216160000
Laos,LAO,2007,2180000
Laos,LAO,2008,1630000
Laos,LAO,2009,407960000
Laos,LAO,2010,10950000
Laos,LAO,2011,1214140000
Laos,LAO,2012,133400000
Laos,LAO,2013,723340000
Laos,LAO,2014,441410000
Laos,LAO,2015,81900000
Laos,LAO,2016,745810000
Laos,LAO,2017,2364800000
Laos,LAO,2018,385120000
Laos,LAO,2019,2380000
Laos,LAO,2020,430000
Laos,LAO,2021,40000
Latin America and the Caribbean (UN),,2000,192250000
Latin America and the Caribbean (UN),,2001,188470000
Latin America and the Caribbean (UN),,2002,168740000
Latin America and the Caribbean (UN),,2003,88150000
Latin America and the Caribbean (UN),,2004,53790000
Latin America and the Caribbean (UN),,2005,350480000
Latin America and the Caribbean (UN),,2006,1212180000
Latin America and the Caribbean (UN),,2007,170580000
Latin America and the Caribbean (UN),,2008,161730000
Latin America and the Caribbean (UN),,2009,457060000
Latin America and the Caribbean (UN),,2010,4865480000
Latin America and the Caribbean (UN),,2011,1763480000
Latin America and the Caribbean (UN),,2012,3387560000
Latin America and the Caribbean (UN),,2013,3298520000
Latin America and the Caribbean (UN),,2014,6584590000
Latin America and the Caribbean (UN),,2015,2230020000
Latin America and the Caribbean (UN),,2016,5665090000
Latin America and the Caribbean (UN),,2017,4819240000
Latin America and the Caribbean (UN),,2018,2170480000
Latin America and the Caribbean (UN),,2019,2242590000
Latin America and the Caribbean (UN),,2020,3675890000
Latin America and the Caribbean (UN),,2021,1380550000
Least Developed Countries (LDCs),,2000,63660000
Least Developed Countries (LDCs),,2001,71660000
Least Developed Countries (LDCs),,2002,363170000
Least Developed Countries (LDCs),,2003,1930100000
Least Developed Countries (LDCs),,2004,847890000
Least Developed Countries (LDCs),,2005,647110000
Least Developed Countries (LDCs),,2006,368110000
Least Developed Countries (LDCs),,2007,1187400000
Least Developed Countries (LDCs),,2008,361970000
Least Developed Countries (LDCs),,2009,5310410000
Least Developed Countries (LDCs),,2010,1543320000
Least Developed Countries (LDCs),,2011,3713700000
Least Developed Countries (LDCs),,2012,880180000
Least Developed Countries (LDCs),,2013,4914030000
Least Developed Countries (LDCs),,2014,2509200000
Least Developed Countries (LDCs),,2015,4099149999.9999995
Least Developed Countries (LDCs),,2016,3007060000
Least Developed Countries (LDCs),,2017,4547890000
Least Developed Countries (LDCs),,2018,3076890000
Least Developed Countries (LDCs),,2019,2856870000
Least Developed Countries (LDCs),,2020,1609160000
Least Developed Countries (LDCs),,2021,2032660000
Lebanon,LBN,2000,0
Lebanon,LBN,2001,0
Lebanon,LBN,2002,0
Lebanon,LBN,2003,0
Lebanon,LBN,2004,80000
Lebanon,LBN,2005,0
Lebanon,LBN,2006,0
Lebanon,LBN,2007,810000
Lebanon,LBN,2008,0
Lebanon,LBN,2009,390000
Lebanon,LBN,2010,1720000
Lebanon,LBN,2011,0
Lebanon,LBN,2012,1450000
Lebanon,LBN,2013,20000
Lebanon,LBN,2014,2400000
Lebanon,LBN,2015,38200000
Lebanon,LBN,2016,24290000
Lebanon,LBN,2017,30000
Lebanon,LBN,2018,6420000
Lebanon,LBN,2019,330000
Lebanon,LBN,2020,180000
Lebanon,LBN,2021,2069999.9999999998
Lesotho,LSO,2000,0
Lesotho,LSO,2001,0
Lesotho,LSO,2002,0
Lesotho,LSO,2003,0
Lesotho,LSO,2004,50000
Lesotho,LSO,2005,90000
Lesotho,LSO,2006,60000
Lesotho,LSO,2007,10000
Lesotho,LSO,2008,0
Lesotho,LSO,2009,820000
Lesotho,LSO,2010,40000
Lesotho,LSO,2011,2920000
Lesotho,LSO,2012,210000
Lesotho,LSO,2013,100000
Lesotho,LSO,2014,9510000
Lesotho,LSO,2015,40000
Lesotho,LSO,2016,0
Lesotho,LSO,2017,0
Lesotho,LSO,2018,750000
Lesotho,LSO,2019,13890000
Lesotho,LSO,2020,76000000
Lesotho,LSO,2021,390000
Liberia,LBR,2000,0
Liberia,LBR,2001,0
Liberia,LBR,2002,0
Liberia,LBR,2003,0
Liberia,LBR,2004,0
Liberia,LBR,2005,0
Liberia,LBR,2006,0
Liberia,LBR,2007,670000
Liberia,LBR,2008,150000
Liberia,LBR,2009,0
Liberia,LBR,2010,0
Liberia,LBR,2011,104290000
Liberia,LBR,2012,20000
Liberia,LBR,2013,80960000
Liberia,LBR,2014,190000
Liberia,LBR,2015,255960000
Liberia,LBR,2016,9530000
Liberia,LBR,2017,47390000
Liberia,LBR,2018,6630000
Liberia,LBR,2019,38870000
Liberia,LBR,2020,9070000
Liberia,LBR,2021,3360000
Libya,LBY,2000,0
Libya,LBY,2001,0
Libya,LBY,2002,0
Libya,LBY,2003,0
Libya,LBY,2004,0
Libya,LBY,2005,0
Libya,LBY,2006,0
Libya,LBY,2007,0
Libya,LBY,2008,0
Libya,LBY,2009,0
Libya,LBY,2010,0
Libya,LBY,2011,0
Libya,LBY,2012,0
Libya,LBY,2013,0
Libya,LBY,2014,0
Libya,LBY,2015,0
Libya,LBY,2016,0
Libya,LBY,2017,0
Libya,LBY,2018,0
Libya,LBY,2019,0
Libya,LBY,2020,10000
Libya,LBY,2021,5230000
Macao,MAC,2000,0
Macao,MAC,2001,0
Macao,MAC,2002,0
Macao,MAC,2003,0
Macao,MAC,2004,0
Macao,MAC,2005,0
Macao,MAC,2006,0
Macao,MAC,2007,0
Macao,MAC,2008,0
Macao,MAC,2009,0
Macao,MAC,2010,0
Macao,MAC,2011,0
Macao,MAC,2012,0
Macao,MAC,2013,0
Macao,MAC,2014,0
Macao,MAC,2015,0
Macao,MAC,2016,0
Macao,MAC,2017,0
Macao,MAC,2018,0
Macao,MAC,2019,0
Macao,MAC,2020,0
Macao,MAC,2021,0
Madagascar,MDG,2000,0
Madagascar,MDG,2001,0
Madagascar,MDG,2002,10000
Madagascar,MDG,2003,0
Madagascar,MDG,2004,8560000
Madagascar,MDG,2005,3330000
Madagascar,MDG,2006,7340000
Madagascar,MDG,2007,8780000
Madagascar,MDG,2008,2820000
Madagascar,MDG,2009,0
Madagascar,MDG,2010,0
Madagascar,MDG,2011,7550000
Madagascar,MDG,2012,50000
Madagascar,MDG,2013,2840000
Madagascar,MDG,2014,14490000
Madagascar,MDG,2015,4920000
Madagascar,MDG,2016,23180000
Madagascar,MDG,2017,28070000
Madagascar,MDG,2018,5430000
Madagascar,MDG,2019,45290000
Madagascar,MDG,2020,25420000
Madagascar,MDG,2021,9680000
Malawi,MWI,2000,7060000
Malawi,MWI,2001,0
Malawi,MWI,2002,0
Malawi,MWI,2003,530000
Malawi,MWI,2004,60000
Malawi,MWI,2005,70000
Malawi,MWI,2006,50000
Malawi,MWI,2007,60000
Malawi,MWI,2008,0
Malawi,MWI,2009,70000
Malawi,MWI,2010,15510000
Malawi,MWI,2011,2490000
Malawi,MWI,2012,1770000
Malawi,MWI,2013,36490000
Malawi,MWI,2014,2000000
Malawi,MWI,2015,65510000.00000001
Malawi,MWI,2016,360000
Malawi,MWI,2017,3940000
Malawi,MWI,2018,17380000
Malawi,MWI,2019,107710000
Malawi,MWI,2020,3530000
Malawi,MWI,2021,15990000
Malaysia,MYS,2000,146150000
Malaysia,MYS,2001,0
Malaysia,MYS,2002,30000
Malaysia,MYS,2003,0
Malaysia,MYS,2004,270000
Malaysia,MYS,2005,0
Malaysia,MYS,2006,10000
Malaysia,MYS,2007,10000
Malaysia,MYS,2008,0
Malaysia,MYS,2009,30000
Malaysia,MYS,2010,150000
Malaysia,MYS,2011,60000
Malaysia,MYS,2012,4110000.0000000005
Malaysia,MYS,2013,70000
Malaysia,MYS,2014,160000
Malaysia,MYS,2015,180000
Malaysia,MYS,2016,1340000
Malaysia,MYS,2017,50000
Malaysia,MYS,2018,60000
Malaysia,MYS,2019,20000
Malaysia,MYS,2020,3870000
Malaysia,MYS,2021,0
Maldives,MDV,2000,4980000
Maldives,MDV,2001,0
Maldives,MDV,2002,0
Maldives,MDV,2003,0
Maldives,MDV,2004,0
Maldives,MDV,2005,0
Maldives,MDV,2006,0
Maldives,MDV,2007,0
Maldives,MDV,2008,110000
Maldives,MDV,2009,470000
Maldives,MDV,2010,10050000
Maldives,MDV,2011,10000
Maldives,MDV,2012,30000
Maldives,MDV,2013,0
Maldives,MDV,2014,43710000
Maldives,MDV,2015,6380000
Maldives,MDV,2016,10000
Maldives,MDV,2017,20000
Maldives,MDV,2018,5890000
Maldives,MDV,2019,4130000
Maldives,MDV,2020,22060000
Maldives,MDV,2021,25810000
Mali,MLI,2000,3660000
Mali,MLI,2001,10550000
Mali,MLI,2002,10000
Mali,MLI,2003,20000
Mali,MLI,2004,70000
Mali,MLI,2005,6180000
Mali,MLI,2006,32310000.000000004
Mali,MLI,2007,90000
Mali,MLI,2008,50000
Mali,MLI,2009,39400000
Mali,MLI,2010,20000
Mali,MLI,2011,240000
Mali,MLI,2012,160000
Mali,MLI,2013,441430000
Mali,MLI,2014,98850000
Mali,MLI,2015,9690000
Mali,MLI,2016,63130000
Mali,MLI,2017,27480000
Mali,MLI,2018,21560000
Mali,MLI,2019,46100000
Mali,MLI,2020,510000
Mali,MLI,2021,9130000
Marshall Islands,MHL,2000,0
Marshall Islands,MHL,2001,0
Marshall Islands,MHL,2002,0
Marshall Islands,MHL,2003,0
Marshall Islands,MHL,2004,0
Marshall Islands,MHL,2005,3220000
Marshall Islands,MHL,2006,0
Marshall Islands,MHL,2007,940000
Marshall Islands,MHL,2008,0
Marshall Islands,MHL,2009,10870000
Marshall Islands,MHL,2010,0
Marshall Islands,MHL,2011,160000
Marshall Islands,MHL,2012,30000
Marshall Islands,MHL,2013,1320000
Marshall Islands,MHL,2014,10000
Marshall Islands,MHL,2015,4250000
Marshall Islands,MHL,2016,270000
Marshall Islands,MHL,2017,42850000
Marshall Islands,MHL,2018,0
Marshall Islands,MHL,2019,0
Marshall Islands,MHL,2020,0
Marshall Islands,MHL,2021,2550000
Mauritania,MRT,2000,0
Mauritania,MRT,2001,200000
Mauritania,MRT,2002,0
Mauritania,MRT,2003,0
Mauritania,MRT,2004,0
Mauritania,MRT,2005,0
Mauritania,MRT,2006,24990000
Mauritania,MRT,2007,60000
Mauritania,MRT,2008,0
Mauritania,MRT,2009,0
Mauritania,MRT,2010,0
Mauritania,MRT,2011,10000
Mauritania,MRT,2012,69350000
Mauritania,MRT,2013,70870000
Mauritania,MRT,2014,6190000
Mauritania,MRT,2015,120000
Mauritania,MRT,2016,183110000
Mauritania,MRT,2017,18950000
Mauritania,MRT,2018,10000
Mauritania,MRT,2019,13660000
Mauritania,MRT,2020,28480000
Mauritania,MRT,2021,20000
Mauritius,MUS,2000,0
Mauritius,MUS,2001,0
Mauritius,MUS,2002,0
Mauritius,MUS,2003,0
Mauritius,MUS,2004,0
Mauritius,MUS,2005,0
Mauritius,MUS,2006,0
Mauritius,MUS,2007,0
Mauritius,MUS,2008,0
Mauritius,MUS,2009,0
Mauritius,MUS,2010,2089999.9999999998
Mauritius,MUS,2011,0
Mauritius,MUS,2012,0
Mauritius,MUS,2013,61420000
Mauritius,MUS,2014,54970000
Mauritius,MUS,2015,9780000
Mauritius,MUS,2016,30200000
Mauritius,MUS,2017,360000
Mauritius,MUS,2018,0
Mauritius,MUS,2019,32740000.000000004
Mauritius,MUS,2020,1140000
Mauritius,MUS,2021,0
Mexico,MEX,2000,2480000
Mexico,MEX,2001,3520000
Mexico,MEX,2002,14570000
Mexico,MEX,2003,270000
Mexico,MEX,2004,530000
Mexico,MEX,2005,34550000
Mexico,MEX,2006,33660000
Mexico,MEX,2007,170000
Mexico,MEX,2008,6860000
Mexico,MEX,2009,4580000
Mexico,MEX,2010,84420000
Mexico,MEX,2011,1030000
Mexico,MEX,2012,381010000
Mexico,MEX,2013,48790000
Mexico,MEX,2014,394530000
Mexico,MEX,2015,218480000
Mexico,MEX,2016,470750000
Mexico,MEX,2017,516740000
Mexico,MEX,2018,388870000
Mexico,MEX,2019,287880000
Mexico,MEX,2020,936120000
Mexico,MEX,2021,307460000
Micronesia (country),FSM,2000,0
Micronesia (country),FSM,2001,0
Micronesia (country),FSM,2002,0
Micronesia (country),FSM,2003,0
Micronesia (country),FSM,2004,0
Micronesia (country),FSM,2005,5710000
Micronesia (country),FSM,2006,0
Micronesia (country),FSM,2007,0
Micronesia (country),FSM,2008,0
Micronesia (country),FSM,2009,14730000
Micronesia (country),FSM,2010,0
Micronesia (country),FSM,2011,0
Micronesia (country),FSM,2012,20000
Micronesia (country),FSM,2013,5880000
Micronesia (country),FSM,2014,830000
Micronesia (country),FSM,2015,4179999.9999999995
Micronesia (country),FSM,2016,10000
Micronesia (country),FSM,2017,1180000
Micronesia (country),FSM,2018,10280000
Micronesia (country),FSM,2019,28110000
Micronesia (country),FSM,2020,20000
Micronesia (country),FSM,2021,130000
Moldova,MDA,2000,0
Moldova,MDA,2001,0
Moldova,MDA,2002,0
Moldova,MDA,2003,0
Moldova,MDA,2004,0
Moldova,MDA,2005,0
Moldova,MDA,2006,0
Moldova,MDA,2007,0
Moldova,MDA,2008,0
Moldova,MDA,2009,110000
Moldova,MDA,2010,19090000
Moldova,MDA,2011,4099999.9999999995
Moldova,MDA,2012,3400000
Moldova,MDA,2013,24850000
Moldova,MDA,2014,280000
Moldova,MDA,2015,520000
Moldova,MDA,2016,230000
Moldova,MDA,2017,230000
Moldova,MDA,2018,100000
Moldova,MDA,2019,240000
Moldova,MDA,2020,90000
Moldova,MDA,2021,330000
Mongolia,MNG,2000,5370000
Mongolia,MNG,2001,1720000
Mongolia,MNG,2002,1460000
Mongolia,MNG,2003,5900000
Mongolia,MNG,2004,0
Mongolia,MNG,2005,2900000
Mongolia,MNG,2006,6320000
Mongolia,MNG,2007,13070000
Mongolia,MNG,2008,4410000
Mongolia,MNG,2009,12180000
Mongolia,MNG,2010,12320000
Mongolia,MNG,2011,0
Mongolia,MNG,2012,30330000
Mongolia,MNG,2013,150000
Mongolia,MNG,2014,10000
Mongolia,MNG,2015,920000
Mongolia,MNG,2016,204620000
Mongolia,MNG,2017,86610000
Mongolia,MNG,2018,119480000
Mongolia,MNG,2019,10900000
Mongolia,MNG,2020,107030000
Mongolia,MNG,2021,2170000
Montenegro,MNE,2000,0
Montenegro,MNE,2001,0
Montenegro,MNE,2002,0
Montenegro,MNE,2003,0
Montenegro,MNE,2004,0
Montenegro,MNE,2005,0
Montenegro,MNE,2006,0
Montenegro,MNE,2007,1660000
Montenegro,MNE,2008,130000
Montenegro,MNE,2009,150000
Montenegro,MNE,2010,200000
Montenegro,MNE,2011,6540000
Montenegro,MNE,2012,0
Montenegro,MNE,2013,0
Montenegro,MNE,2014,28150000
Montenegro,MNE,2015,86330000
Montenegro,MNE,2016,4820000
Montenegro,MNE,2017,10000
Montenegro,MNE,2018,0
Montenegro,MNE,2019,90300000
Montenegro,MNE,2020,17350000
Montenegro,MNE,2021,40000
Montserrat,MSR,2000,0
Montserrat,MSR,2001,0
Montserrat,MSR,2002,0
Montserrat,MSR,2003,0
Montserrat,MSR,2004,0
Montserrat,MSR,2005,0
Montserrat,MSR,2006,0
Montserrat,MSR,2007,0
Montserrat,MSR,2008,1360000
Montserrat,MSR,2009,0
Montserrat,MSR,2010,0
Montserrat,MSR,2011,90000
Montserrat,MSR,2012,7120000
Montserrat,MSR,2013,600000
Montserrat,MSR,2014,1010000
Montserrat,MSR,2015,2120000
Montserrat,MSR,2016,8450000
Montserrat,MSR,2017,150000
Montserrat,MSR,2018,0
Montserrat,MSR,2019,0
Montserrat,MSR,2020,0
Montserrat,MSR,2021,0
Morocco,MAR,2000,270000
Morocco,MAR,2001,1540000
Morocco,MAR,2002,13290000
Morocco,MAR,2003,560000
Morocco,MAR,2004,159220000
Morocco,MAR,2005,190940000
Morocco,MAR,2006,72910000
Morocco,MAR,2007,185980000
Morocco,MAR,2008,232130000
Morocco,MAR,2009,124560000
Morocco,MAR,2010,8760000
Morocco,MAR,2011,224280000
Morocco,MAR,2012,941850000
Morocco,MAR,2013,6040000
Morocco,MAR,2014,1481070000
Morocco,MAR,2015,241650000
Morocco,MAR,2016,425360000
Morocco,MAR,2017,123470000
Morocco,MAR,2018,837820000
Morocco,MAR,2019,661490000
Morocco,MAR,2020,252460000
Morocco,MAR,2021,1170000
Mozambique,MOZ,2000,50000
Mozambique,MOZ,2001,430000
Mozambique,MOZ,2002,13660000
Mozambique,MOZ,2003,4130000
Mozambique,MOZ,2004,1410000
Mozambique,MOZ,2005,910000
Mozambique,MOZ,2006,50000
Mozambique,MOZ,2007,4950000
Mozambique,MOZ,2008,6700000
Mozambique,MOZ,2009,2040000
Mozambique,MOZ,2010,92800000
Mozambique,MOZ,2011,16860000
Mozambique,MOZ,2012,77460000
Mozambique,MOZ,2013,39420000
Mozambique,MOZ,2014,9450000
Mozambique,MOZ,2015,5240000
Mozambique,MOZ,2016,57450000
Mozambique,MOZ,2017,58600000
Mozambique,MOZ,2018,8450000
Mozambique,MOZ,2019,200630000
Mozambique,MOZ,2020,163210000
Mozambique,MOZ,2021,107760000
Myanmar,MMR,2000,0
Myanmar,MMR,2001,0
Myanmar,MMR,2002,5540000
Myanmar,MMR,2003,429370000
Myanmar,MMR,2004,70000
Myanmar,MMR,2005,0
Myanmar,MMR,2006,0
Myanmar,MMR,2007,0
Myanmar,MMR,2008,0
Myanmar,MMR,2009,0
Myanmar,MMR,2010,90000
Myanmar,MMR,2011,0
Myanmar,MMR,2012,10000
Myanmar,MMR,2013,66239999.99999999
Myanmar,MMR,2014,10860000
Myanmar,MMR,2015,59190000
Myanmar,MMR,2016,3730000
Myanmar,MMR,2017,132810000
Myanmar,MMR,2018,22370000
Myanmar,MMR,2019,42470000
Myanmar,MMR,2020,63260000
Myanmar,MMR,2021,11010000
Namibia,NAM,2000,100000
Namibia,NAM,2001,210000
Namibia,NAM,2002,30000
Namibia,NAM,2003,30000
Namibia,NAM,2004,100000
Namibia,NAM,2005,410000
Namibia,NAM,2006,230000
Namibia,NAM,2007,10000
Namibia,NAM,2008,48340000
Namibia,NAM,2009,0
Namibia,NAM,2010,48950000
Namibia,NAM,2011,50000
Namibia,NAM,2012,550000
Namibia,NAM,2013,0
Namibia,NAM,2014,70000
Namibia,NAM,2015,0
Namibia,NAM,2016,11950000
Namibia,NAM,2017,38780000
Namibia,NAM,2018,43820000
Namibia,NAM,2019,20000
Namibia,NAM,2020,0
Namibia,NAM,2021,170000
Nauru,NRU,2000,0
Nauru,NRU,2001,0
Nauru,NRU,2002,0
Nauru,NRU,2003,0
Nauru,NRU,2004,0
Nauru,NRU,2005,2140000
Nauru,NRU,2006,0
Nauru,NRU,2007,360000
Nauru,NRU,2008,0
Nauru,NRU,2009,0
Nauru,NRU,2010,0
Nauru,NRU,2011,0
Nauru,NRU,2012,0
Nauru,NRU,2013,0
Nauru,NRU,2014,10000
Nauru,NRU,2015,8750000
Nauru,NRU,2016,3050000
Nauru,NRU,2017,2660000
Nauru,NRU,2018,0
Nauru,NRU,2019,22610000
Nauru,NRU,2020,130000
Nauru,NRU,2021,40000
Nepal,NPL,2000,12200000
Nepal,NPL,2001,4830000
Nepal,NPL,2002,42710000
Nepal,NPL,2003,63370000
Nepal,NPL,2004,5000000
Nepal,NPL,2005,41270000
Nepal,NPL,2006,16900000
Nepal,NPL,2007,61100000
Nepal,NPL,2008,53130000
Nepal,NPL,2009,52520000
Nepal,NPL,2010,23680000
Nepal,NPL,2011,129199999.99999999
Nepal,NPL,2012,27470000
Nepal,NPL,2013,329470000
Nepal,NPL,2014,391490000
Nepal,NPL,2015,18960000
Nepal,NPL,2016,29910000
Nepal,NPL,2017,10920000
Nepal,NPL,2018,15330000
Nepal,NPL,2019,341320000
Nepal,NPL,2020,59370000
Nepal,NPL,2021,97050000
New Caledonia,NCL,2000,0
New Caledonia,NCL,2001,0
New Caledonia,NCL,2002,0
New Caledonia,NCL,2003,0
New Caledonia,NCL,2004,0
New Caledonia,NCL,2005,0
New Caledonia,NCL,2006,0
New Caledonia,NCL,2007,0
New Caledonia,NCL,2008,0
New Caledonia,NCL,2009,0
New Caledonia,NCL,2010,0
New Caledonia,NCL,2011,0
New Caledonia,NCL,2012,0
New Caledonia,NCL,2013,0
New Caledonia,NCL,2014,0
New Caledonia,NCL,2015,0
New Caledonia,NCL,2016,0
New Caledonia,NCL,2017,61540000
New Caledonia,NCL,2018,0
New Caledonia,NCL,2019,0
New Caledonia,NCL,2020,0
New Caledonia,NCL,2021,0
Nicaragua,NIC,2000,30000
Nicaragua,NIC,2001,20000
Nicaragua,NIC,2002,700000
Nicaragua,NIC,2003,15760000
Nicaragua,NIC,2004,190000
Nicaragua,NIC,2005,50000
Nicaragua,NIC,2006,50000
Nicaragua,NIC,2007,100000
Nicaragua,NIC,2008,1930000
Nicaragua,NIC,2009,33860000
Nicaragua,NIC,2010,136190000
Nicaragua,NIC,2011,41750000
Nicaragua,NIC,2012,74690000
Nicaragua,NIC,2013,131070000
Nicaragua,NIC,2014,149360000
Nicaragua,NIC,2015,69230000
Nicaragua,NIC,2016,161860000
Nicaragua,NIC,2017,157460000
Nicaragua,NIC,2018,20280000
Nicaragua,NIC,2019,7920000
Nicaragua,NIC,2020,143550000
Nicaragua,NIC,2021,180050000
Niger,NER,2000,190000
Niger,NER,2001,3630000
Niger,NER,2002,1460000
Niger,NER,2003,0
Niger,NER,2004,0
Niger,NER,2005,50000
Niger,NER,2006,100000
Niger,NER,2007,0
Niger,NER,2008,10000
Niger,NER,2009,0
Niger,NER,2010,0
Niger,NER,2011,0
Niger,NER,2012,135640000
Niger,NER,2013,0
Niger,NER,2014,42060000
Niger,NER,2015,0
Niger,NER,2016,1210000
Niger,NER,2017,85270000
Niger,NER,2018,48220000
Niger,NER,2019,118240000
Niger,NER,2020,131100000
Niger,NER,2021,243110000
Nigeria,NGA,2000,0
Nigeria,NGA,2001,0
Nigeria,NGA,2002,0
Nigeria,NGA,2003,0
Nigeria,NGA,2004,190000
Nigeria,NGA,2005,19000000
Nigeria,NGA,2006,1280000
Nigeria,NGA,2007,570000
Nigeria,NGA,2008,0
Nigeria,NGA,2009,0
Nigeria,NGA,2010,590000
Nigeria,NGA,2011,19610000
Nigeria,NGA,2012,21690000
Nigeria,NGA,2013,963180000
Nigeria,NGA,2014,25410000
Nigeria,NGA,2015,48270000
Nigeria,NGA,2016,62890000
Nigeria,NGA,2017,5150370000
Nigeria,NGA,2018,97270000
Nigeria,NGA,2019,1165520000
Nigeria,NGA,2020,269030000
Nigeria,NGA,2021,32750000
Niue,NIU,2000,0
Niue,NIU,2001,0
Niue,NIU,2002,0
Niue,NIU,2003,0
Niue,NIU,2004,0
Niue,NIU,2005,2520000
Niue,NIU,2006,0
Niue,NIU,2007,0
Niue,NIU,2008,0
Niue,NIU,2009,3320000
Niue,NIU,2010,0
Niue,NIU,2011,0
Niue,NIU,2012,0
Niue,NIU,2013,370000
Niue,NIU,2014,0
Niue,NIU,2015,10000
Niue,NIU,2016,250000
Niue,NIU,2017,3530000
Niue,NIU,2018,0
Niue,NIU,2019,100000
Niue,NIU,2020,0
Niue,NIU,2021,0
North Korea,PRK,2000,0
North Korea,PRK,2001,0
North Korea,PRK,2002,40000
North Korea,PRK,2003,0
North Korea,PRK,2004,380000
North Korea,PRK,2005,140000
North Korea,PRK,2006,80000
North Korea,PRK,2007,0
North Korea,PRK,2008,0
North Korea,PRK,2009,0
North Korea,PRK,2010,0
North Korea,PRK,2011,0
North Korea,PRK,2012,30000
North Korea,PRK,2013,30000
North Korea,PRK,2014,0
North Korea,PRK,2015,0
North Korea,PRK,2016,350000
North Korea,PRK,2017,2480000
North Korea,PRK,2018,670000
North Korea,PRK,2019,1050000
North Korea,PRK,2020,0
North Korea,PRK,2021,0
North Macedonia,MKD,2000,360000
North Macedonia,MKD,2001,0
North Macedonia,MKD,2002,40000
North Macedonia,MKD,2003,0
North Macedonia,MKD,2004,240000
North Macedonia,MKD,2005,450000
North Macedonia,MKD,2006,2420000
North Macedonia,MKD,2007,80000
North Macedonia,MKD,2008,0
North Macedonia,MKD,2009,420000
North Macedonia,MKD,2010,36760000
North Macedonia,MKD,2011,43780000
North Macedonia,MKD,2012,0
North Macedonia,MKD,2013,19290000
North Macedonia,MKD,2014,0
North Macedonia,MKD,2015,0
North Macedonia,MKD,2016,10000
North Macedonia,MKD,2017,4870000
North Macedonia,MKD,2018,8330000
North Macedonia,MKD,2019,0
North Macedonia,MKD,2020,21920000
North Macedonia,MKD,2021,39280000
Northern Africa (UN),,2000,15760000
Northern Africa (UN),,2001,39710000
Northern Africa (UN),,2002,19590000
Northern Africa (UN),,2003,1521330000
Northern Africa (UN),,2004,208600000
Northern Africa (UN),,2005,315980000
Northern Africa (UN),,2006,98570000
Northern Africa (UN),,2007,288900000
Northern Africa (UN),,2008,563680000
Northern Africa (UN),,2009,518230000
Northern Africa (UN),,2010,1289200000
Northern Africa (UN),,2011,376190000
Northern Africa (UN),,2012,1143200000
Northern Africa (UN),,2013,184360000
Northern Africa (UN),,2014,1482530000
Northern Africa (UN),,2015,499090000
Northern Africa (UN),,2016,794020000
Northern Africa (UN),,2017,2089190000
Northern Africa (UN),,2018,884090000
Northern Africa (UN),,2019,1334390000
Northern Africa (UN),,2020,535940000.00000006
Northern Africa (UN),,2021,162040000
Northern America (UN),,2000,0
Northern America (UN),,2001,0
Northern America (UN),,2002,0
Northern America (UN),,2003,0
Northern America (UN),,2004,0
Northern America (UN),,2005,0
Northern America (UN),,2006,0
Northern America (UN),,2007,0
Northern America (UN),,2008,0
Northern America (UN),,2009,0
Northern America (UN),,2010,0
Northern America (UN),,2011,0
Northern America (UN),,2012,0
Northern America (UN),,2013,0
Northern America (UN),,2014,0
Northern America (UN),,2015,0
Northern America (UN),,2016,0
Northern America (UN),,2017,0
Northern America (UN),,2018,0
Northern America (UN),,2019,0
Northern America (UN),,2020,0
Northern America (UN),,2021,0
Oceania (UN),,2000,0
Oceania (UN),,2001,0
Oceania (UN),,2002,50000
Oceania (UN),,2003,50000
Oceania (UN),,2004,380000
Oceania (UN),,2005,17000000
Oceania (UN),,2006,440000
Oceania (UN),,2007,14970000
Oceania (UN),,2008,200000
Oceania (UN),,2009,137600000
Oceania (UN),,2010,9380000
Oceania (UN),,2011,59970000
Oceania (UN),,2012,21600000
Oceania (UN),,2013,65480000.00000001
Oceania (UN),,2014,105220000
Oceania (UN),,2015,91260000
Oceania (UN),,2016,51980000
Oceania (UN),,2017,328710000
Oceania (UN),,2018,78570000
Oceania (UN),,2019,135300000
Oceania (UN),,2020,21100000
Oceania (UN),,2021,12180000
Pakistan,PAK,2000,40000
Pakistan,PAK,2001,359070000
Pakistan,PAK,2002,180000
Pakistan,PAK,2003,2890000
Pakistan,PAK,2004,40000
Pakistan,PAK,2005,4220000
Pakistan,PAK,2006,7080000
Pakistan,PAK,2007,125780000
Pakistan,PAK,2008,143180000
Pakistan,PAK,2009,122450000
Pakistan,PAK,2010,271560000
Pakistan,PAK,2011,336740000
Pakistan,PAK,2012,1404840000
Pakistan,PAK,2013,248420000
Pakistan,PAK,2014,565590000
Pakistan,PAK,2015,1235890000
Pakistan,PAK,2016,928460000
Pakistan,PAK,2017,3367780000
Pakistan,PAK,2018,101760000
Pakistan,PAK,2019,278550000
Pakistan,PAK,2020,870530000
Pakistan,PAK,2021,786160000
Palau,PLW,2000,0
Palau,PLW,2001,0
Palau,PLW,2002,0
Palau,PLW,2003,0
Palau,PLW,2004,0
Palau,PLW,2005,2380000
Palau,PLW,2006,0
Palau,PLW,2007,400000
Palau,PLW,2008,0
Palau,PLW,2009,7750000
Palau,PLW,2010,0
Palau,PLW,2011,0
Palau,PLW,2012,0
Palau,PLW,2013,10000
Palau,PLW,2014,0
Palau,PLW,2015,5320000
Palau,PLW,2016,10000
Palau,PLW,2017,0
Palau,PLW,2018,0
Palau,PLW,2019,1160000
Palau,PLW,2020,130000
Palau,PLW,2021,70000
Palestine,PSE,2000,40000
Palestine,PSE,2001,30000
Palestine,PSE,2002,0
Palestine,PSE,2003,0
Palestine,PSE,2004,0
Palestine,PSE,2005,30000
Palestine,PSE,2006,0
Palestine,PSE,2007,420000
Palestine,PSE,2008,90000
Palestine,PSE,2009,5670000
Palestine,PSE,2010,1420000
Palestine,PSE,2011,830000
Palestine,PSE,2012,1380000
Palestine,PSE,2013,990000
Palestine,PSE,2014,2040000
Palestine,PSE,2015,23510000
Palestine,PSE,2016,2970000
Palestine,PSE,2017,6390000
Palestine,PSE,2018,37790000
Palestine,PSE,2019,44820000
Palestine,PSE,2020,12230000
Palestine,PSE,2021,23870000
Panama,PAN,2000,0
Panama,PAN,2001,240000
Panama,PAN,2002,0
Panama,PAN,2003,0
Panama,PAN,2004,0
Panama,PAN,2005,0
Panama,PAN,2006,0
Panama,PAN,2007,0
Panama,PAN,2008,10000
Panama,PAN,2009,10000
Panama,PAN,2010,9080000
Panama,PAN,2011,66769999.99999999
Panama,PAN,2012,0
Panama,PAN,2013,1850000
Panama,PAN,2014,190490000
Panama,PAN,2015,65819999.99999999
Panama,PAN,2016,377040000
Panama,PAN,2017,129320000
Panama,PAN,2018,360000
Panama,PAN,2019,92500000
Panama,PAN,2020,264990000
Panama,PAN,2021,30000
Papua New Guinea,PNG,2000,0
Papua New Guinea,PNG,2001,0
Papua New Guinea,PNG,2002,0
Papua New Guinea,PNG,2003,0
Papua New Guinea,PNG,2004,10000
Papua New Guinea,PNG,2005,0
Papua New Guinea,PNG,2006,0
Papua New Guinea,PNG,2007,30000
Papua New Guinea,PNG,2008,30000
Papua New Guinea,PNG,2009,0
Papua New Guinea,PNG,2010,0
Papua New Guinea,PNG,2011,38730000
Papua New Guinea,PNG,2012,0
Papua New Guinea,PNG,2013,6570000
Papua New Guinea,PNG,2014,0
Papua New Guinea,PNG,2015,8530000
Papua New Guinea,PNG,2016,33200000.000000004
Papua New Guinea,PNG,2017,840000
Papua New Guinea,PNG,2018,130000
Papua New Guinea,PNG,2019,120000
Papua New Guinea,PNG,2020,90000
Papua New Guinea,PNG,2021,150000
Paraguay,PRY,2000,0
Paraguay,PRY,2001,10000
Paraguay,PRY,2002,0
Paraguay,PRY,2003,0
Paraguay,PRY,2004,0
Paraguay,PRY,2005,0
Paraguay,PRY,2006,197980000
Paraguay,PRY,2007,0
Paraguay,PRY,2008,0
Paraguay,PRY,2009,80000
Paraguay,PRY,2010,100000
Paraguay,PRY,2011,30000
Paraguay,PRY,2012,0
Paraguay,PRY,2013,80000
Paraguay,PRY,2014,0
Paraguay,PRY,2015,0
Paraguay,PRY,2016,370000
Paraguay,PRY,2017,0
Paraguay,PRY,2018,134080000.00000001
Paraguay,PRY,2019,730000
Paraguay,PRY,2020,400860000
Paraguay,PRY,2021,80000
Peru,PER,2000,1100000
Peru,PER,2001,200000
Peru,PER,2002,94200000
Peru,PER,2003,290000
Peru,PER,2004,110000
Peru,PER,2005,290000
Peru,PER,2006,7760000
Peru,PER,2007,760000
Peru,PER,2008,1000000
Peru,PER,2009,1570000
Peru,PER,2010,93540000
Peru,PER,2011,228030000
Peru,PER,2012,242140000
Peru,PER,2013,297740000
Peru,PER,2014,197960000
Peru,PER,2015,87400000
Peru,PER,2016,105600000
Peru,PER,2017,550190000
Peru,PER,2018,70990000
Peru,PER,2019,1130000
Peru,PER,2020,24350000
Peru,PER,2021,100660000
Philippines,PHL,2000,12560000
Philippines,PHL,2001,30000
Philippines,PHL,2002,52110000
Philippines,PHL,2003,30190000
Philippines,PHL,2004,6080000
Philippines,PHL,2005,12320000
Philippines,PHL,2006,28280000
Philippines,PHL,2007,198490000
Philippines,PHL,2008,138120000
Philippines,PHL,2009,3870000
Philippines,PHL,2010,82990000
Philippines,PHL,2011,810000
Philippines,PHL,2012,1350000
Philippines,PHL,2013,54750000
Philippines,PHL,2014,9580000
Philippines,PHL,2015,23400000
Philippines,PHL,2016,101720000
Philippines,PHL,2017,1530000
Philippines,PHL,2018,92110000
Philippines,PHL,2019,2040000
Philippines,PHL,2020,1720000
Philippines,PHL,2021,44920000
Residual/unallocated ODA: Central Asia and Southern Asia,,2000,3640000
Residual/unallocated ODA: Central Asia and Southern Asia,,2001,0
Residual/unallocated ODA: Central Asia and Southern Asia,,2002,0
Residual/unallocated ODA: Central Asia and Southern Asia,,2003,0
Residual/unallocated ODA: Central Asia and Southern Asia,,2004,100000
Residual/unallocated ODA: Central Asia and Southern Asia,,2005,3740000
Residual/unallocated ODA: Central Asia and Southern Asia,,2006,14310000
Residual/unallocated ODA: Central Asia and Southern Asia,,2007,2830000
Residual/unallocated ODA: Central Asia and Southern Asia,,2008,2850000
Residual/unallocated ODA: Central Asia and Southern Asia,,2009,5250000
Residual/unallocated ODA: Central Asia and Southern Asia,,2010,1810000
Residual/unallocated ODA: Central Asia and Southern Asia,,2011,4030000.0000000005
Residual/unallocated ODA: Central Asia and Southern Asia,,2012,20000
Residual/unallocated ODA: Central Asia and Southern Asia,,2013,0
Residual/unallocated ODA: Central Asia and Southern Asia,,2014,810000
Residual/unallocated ODA: Central Asia and Southern Asia,,2015,20000
Residual/unallocated ODA: Central Asia and Southern Asia,,2016,60000
Residual/unallocated ODA: Central Asia and Southern Asia,,2017,0
Residual/unallocated ODA: Central Asia and Southern Asia,,2018,20300000
Residual/unallocated ODA: Central Asia and Southern Asia,,2019,3190000
Residual/unallocated ODA: Central Asia and Southern Asia,,2020,2250000
Residual/unallocated ODA: Central Asia and Southern Asia,,2021,135560000
Residual/unallocated ODA: Northern America and Europe,,2000,0
Residual/unallocated ODA: Northern America and Europe,,2001,0
Residual/unallocated ODA: Northern America and Europe,,2002,0
Residual/unallocated ODA: Northern America and Europe,,2003,0
Residual/unallocated ODA: Northern America and Europe,,2004,80000
Residual/unallocated ODA: Northern America and Europe,,2005,0
Residual/unallocated ODA: Northern America and Europe,,2006,0
Residual/unallocated ODA: Northern America and Europe,,2007,310000
Residual/unallocated ODA: Northern America and Europe,,2008,0
Residual/unallocated ODA: Northern America and Europe,,2009,3970000
Residual/unallocated ODA: Northern America and Europe,,2010,8620000
Residual/unallocated ODA: Northern America and Europe,,2011,490000
Residual/unallocated ODA: Northern America and Europe,,2012,0
Residual/unallocated ODA: Northern America and Europe,,2013,180000
Residual/unallocated ODA: Northern America and Europe,,2014,690000
Residual/unallocated ODA: Northern America and Europe,,2015,0
Residual/unallocated ODA: Northern America and Europe,,2016,176300000
Residual/unallocated ODA: Northern America and Europe,,2017,446570000
Residual/unallocated ODA: Northern America and Europe,,2018,123600000
Residual/unallocated ODA: Northern America and Europe,,2019,354980000
Residual/unallocated ODA: Northern America and Europe,,2020,125370000
Residual/unallocated ODA: Northern America and Europe,,2021,23870000
Rwanda,RWA,2000,150000
Rwanda,RWA,2001,0
Rwanda,RWA,2002,0
Rwanda,RWA,2003,0
Rwanda,RWA,2004,0
Rwanda,RWA,2005,8350000
Rwanda,RWA,2006,550000
Rwanda,RWA,2007,21290000
Rwanda,RWA,2008,27710000
Rwanda,RWA,2009,24200000
Rwanda,RWA,2010,2190000
Rwanda,RWA,2011,6670000
Rwanda,RWA,2012,740000
Rwanda,RWA,2013,99190000
Rwanda,RWA,2014,49930000
Rwanda,RWA,2015,0
Rwanda,RWA,2016,42770000
Rwanda,RWA,2017,82650000
Rwanda,RWA,2018,16300000
Rwanda,RWA,2019,1620000
Rwanda,RWA,2020,279350000
Rwanda,RWA,2021,83290000
Saint Helena,SHN,2000,0
Saint Helena,SHN,2001,0
Saint Helena,SHN,2002,0
Saint Helena,SHN,2003,180000
Saint Helena,SHN,2004,0
Saint Helena,SHN,2005,0
Saint Helena,SHN,2006,0
Saint Helena,SHN,2007,0
Saint Helena,SHN,2008,130000
Saint Helena,SHN,2009,0
Saint Helena,SHN,2010,0
Saint Helena,SHN,2011,0
Saint Helena,SHN,2012,0
Saint Helena,SHN,2013,0
Saint Helena,SHN,2014,0
Saint Helena,SHN,2015,1500000
Saint Helena,SHN,2016,0
Saint Helena,SHN,2017,0
Saint Helena,SHN,2018,0
Saint Helena,SHN,2019,0
Saint Helena,SHN,2020,0
Saint Helena,SHN,2021,0
Saint Lucia,LCA,2000,0
Saint Lucia,LCA,2001,0
Saint Lucia,LCA,2002,0
Saint Lucia,LCA,2003,0
Saint Lucia,LCA,2004,0
Saint Lucia,LCA,2005,0
Saint Lucia,LCA,2006,0
Saint Lucia,LCA,2007,0
Saint Lucia,LCA,2008,0
Saint Lucia,LCA,2009,0
Saint Lucia,LCA,2010,0
Saint Lucia,LCA,2011,0
Saint Lucia,LCA,2012,0
Saint Lucia,LCA,2013,0
Saint Lucia,LCA,2014,960000
Saint Lucia,LCA,2015,10000
Saint Lucia,LCA,2016,0
Saint Lucia,LCA,2017,10040000
Saint Lucia,LCA,2018,0
Saint Lucia,LCA,2019,0
Saint Lucia,LCA,2020,0
Saint Lucia,LCA,2021,6450000
Saint Vincent and the Grenadines,VCT,2000,0
Saint Vincent and the Grenadines,VCT,2001,0
Saint Vincent and the Grenadines,VCT,2002,0
Saint Vincent and the Grenadines,VCT,2003,0
Saint Vincent and the Grenadines,VCT,2004,0
Saint Vincent and the Grenadines,VCT,2005,0
Saint Vincent and the Grenadines,VCT,2006,0
Saint Vincent and the Grenadines,VCT,2007,0
Saint Vincent and the Grenadines,VCT,2008,380000
Saint Vincent and the Grenadines,VCT,2009,0
Saint Vincent and the Grenadines,VCT,2010,0
Saint Vincent and the Grenadines,VCT,2011,0
Saint Vincent and the Grenadines,VCT,2012,0
Saint Vincent and the Grenadines,VCT,2013,10000
Saint Vincent and the Grenadines,VCT,2014,30000
Saint Vincent and the Grenadines,VCT,2015,0
Saint Vincent and the Grenadines,VCT,2016,32560000.000000004
Saint Vincent and the Grenadines,VCT,2017,3180000
Saint Vincent and the Grenadines,VCT,2018,0
Saint Vincent and the Grenadines,VCT,2019,0
Saint Vincent and the Grenadines,VCT,2020,0
Saint Vincent and the Grenadines,VCT,2021,0
Samoa,WSM,2000,0
Samoa,WSM,2001,0
Samoa,WSM,2002,0
Samoa,WSM,2003,0
Samoa,WSM,2004,0
Samoa,WSM,2005,0
Samoa,WSM,2006,0
Samoa,WSM,2007,0
Samoa,WSM,2008,0
Samoa,WSM,2009,0
Samoa,WSM,2010,200000
Samoa,WSM,2011,0
Samoa,WSM,2012,0
Samoa,WSM,2013,4830000
Samoa,WSM,2014,33100000
Samoa,WSM,2015,10000
Samoa,WSM,2016,0
Samoa,WSM,2017,2110000
Samoa,WSM,2018,0
Samoa,WSM,2019,0
Samoa,WSM,2020,0
Samoa,WSM,2021,20000
Sao Tome and Principe,STP,2000,0
Sao Tome and Principe,STP,2001,1130000
Sao Tome and Principe,STP,2002,1260000
Sao Tome and Principe,STP,2003,0
Sao Tome and Principe,STP,2004,70000
Sao Tome and Principe,STP,2005,200000
Sao Tome and Principe,STP,2006,0
Sao Tome and Principe,STP,2007,0
Sao Tome and Principe,STP,2008,0
Sao Tome and Principe,STP,2009,0
Sao Tome and Principe,STP,2010,130000
Sao Tome and Principe,STP,2011,260000
Sao Tome and Principe,STP,2012,20000
Sao Tome and Principe,STP,2013,5190000
Sao Tome and Principe,STP,2014,130000
Sao Tome and Principe,STP,2015,370000
Sao Tome and Principe,STP,2016,320000
Sao Tome and Principe,STP,2017,10000
Sao Tome and Principe,STP,2018,0
Sao Tome and Principe,STP,2019,0
Sao Tome and Principe,STP,2020,13920000
Sao Tome and Principe,STP,2021,2100000
Senegal,SEN,2000,170000
Senegal,SEN,2001,11910000
Senegal,SEN,2002,2110000
Senegal,SEN,2003,34770000
Senegal,SEN,2004,13770000
Senegal,SEN,2005,6830000
Senegal,SEN,2006,34400000
Senegal,SEN,2007,730000
Senegal,SEN,2008,0
Senegal,SEN,2009,39040000
Senegal,SEN,2010,1100000
Senegal,SEN,2011,1480000
Senegal,SEN,2012,8870000
Senegal,SEN,2013,19090000
Senegal,SEN,2014,130000
Senegal,SEN,2015,33520000.000000004
Senegal,SEN,2016,346000000
Senegal,SEN,2017,45180000
Senegal,SEN,2018,101060000
Senegal,SEN,2019,83460000
Senegal,SEN,2020,108860000
Senegal,SEN,2021,26190000
Serbia,SRB,2000,0
Serbia,SRB,2001,0
Serbia,SRB,2002,16250000
Serbia,SRB,2003,7630000
Serbia,SRB,2004,7270000
Serbia,SRB,2005,42640000
Serbia,SRB,2006,20880000
Serbia,SRB,2007,42820000
Serbia,SRB,2008,17150000
Serbia,SRB,2009,160000
Serbia,SRB,2010,94250000
Serbia,SRB,2011,118380000
Serbia,SRB,2012,3000000
Serbia,SRB,2013,38240000
Serbia,SRB,2014,3490000
Serbia,SRB,2015,4580000
Serbia,SRB,2016,18650000
Serbia,SRB,2017,360030000
Serbia,SRB,2018,100910000
Serbia,SRB,2019,13540000
Serbia,SRB,2020,10850000
Serbia,SRB,2021,13010000
Seychelles,SYC,2000,0
Seychelles,SYC,2001,0
Seychelles,SYC,2002,0
Seychelles,SYC,2003,0
Seychelles,SYC,2004,0
Seychelles,SYC,2005,0
Seychelles,SYC,2006,0
Seychelles,SYC,2007,0
Seychelles,SYC,2008,0
Seychelles,SYC,2009,0
Seychelles,SYC,2010,0
Seychelles,SYC,2011,10000
Seychelles,SYC,2012,0
Seychelles,SYC,2013,0
Seychelles,SYC,2014,90000
Seychelles,SYC,2015,50000
Seychelles,SYC,2016,690000
Seychelles,SYC,2017,990000
Seychelles,SYC,2018,0
Seychelles,SYC,2019,0
Seychelles,SYC,2020,0
Seychelles,SYC,2021,0
Sierra Leone,SLE,2000,0
Sierra Leone,SLE,2001,0
Sierra Leone,SLE,2002,0
Sierra Leone,SLE,2003,0
Sierra Leone,SLE,2004,25590000
Sierra Leone,SLE,2005,57880000
Sierra Leone,SLE,2006,10000
Sierra Leone,SLE,2007,16040000
Sierra Leone,SLE,2008,15990000
Sierra Leone,SLE,2009,50000
Sierra Leone,SLE,2010,9540000
Sierra Leone,SLE,2011,0
Sierra Leone,SLE,2012,0
Sierra Leone,SLE,2013,0
Sierra Leone,SLE,2014,8620000
Sierra Leone,SLE,2015,0
Sierra Leone,SLE,2016,30060000
Sierra Leone,SLE,2017,380000
Sierra Leone,SLE,2018,240000
Sierra Leone,SLE,2019,180000
Sierra Leone,SLE,2020,1500000
Sierra Leone,SLE,2021,14540000
Small Island Developing States (SIDS),,2000,23540000
Small Island Developing States (SIDS),,2001,31140000
Small Island Developing States (SIDS),,2002,8250000
Small Island Developing States (SIDS),,2003,4510000
Small Island Developing States (SIDS),,2004,1970000
Small Island Developing States (SIDS),,2005,25740000
Small Island Developing States (SIDS),,2006,2670000
Small Island Developing States (SIDS),,2007,16420000.000000002
Small Island Developing States (SIDS),,2008,3150000
Small Island Developing States (SIDS),,2009,159820000
Small Island Developing States (SIDS),,2010,186210000
Small Island Developing States (SIDS),,2011,120650000
Small Island Developing States (SIDS),,2012,60980000
Small Island Developing States (SIDS),,2013,176450000
Small Island Developing States (SIDS),,2014,275720000
Small Island Developing States (SIDS),,2015,339010000
Small Island Developing States (SIDS),,2016,286560000
Small Island Developing States (SIDS),,2017,609740000
Small Island Developing States (SIDS),,2018,221400000
Small Island Developing States (SIDS),,2019,338230000
Small Island Developing States (SIDS),,2020,299960000
Small Island Developing States (SIDS),,2021,198180000
Solomon Islands,SLB,2000,0
Solomon Islands,SLB,2001,0
Solomon Islands,SLB,2002,0
Solomon Islands,SLB,2003,0
Solomon Islands,SLB,2004,0
Solomon Islands,SLB,2005,0
Solomon Islands,SLB,2006,0
Solomon Islands,SLB,2007,0
Solomon Islands,SLB,2008,90000
Solomon Islands,SLB,2009,80000
Solomon Islands,SLB,2010,0
Solomon Islands,SLB,2011,10000
Solomon Islands,SLB,2012,1090000
Solomon Islands,SLB,2013,10000
Solomon Islands,SLB,2014,13370000
Solomon Islands,SLB,2015,6960000
Solomon Islands,SLB,2016,7290000
Solomon Islands,SLB,2017,166440000
Solomon Islands,SLB,2018,21000000
Solomon Islands,SLB,2019,47660000
Solomon Islands,SLB,2020,1030000
Solomon Islands,SLB,2021,1680000
Somalia,SOM,2000,0
Somalia,SOM,2001,0
Somalia,SOM,2002,0
Somalia,SOM,2003,0
Somalia,SOM,2004,0
Somalia,SOM,2005,0
Somalia,SOM,2006,0
Somalia,SOM,2007,0
Somalia,SOM,2008,0
Somalia,SOM,2009,0
Somalia,SOM,2010,0
Somalia,SOM,2011,0
Somalia,SOM,2012,0
Somalia,SOM,2013,3140000
Somalia,SOM,2014,0
Somalia,SOM,2015,280000
Somalia,SOM,2016,840000
Somalia,SOM,2017,20000
Somalia,SOM,2018,3340000
Somalia,SOM,2019,22120000
Somalia,SOM,2020,210000
Somalia,SOM,2021,141760000
South Africa,ZAF,2000,7310000
South Africa,ZAF,2001,1290000
South Africa,ZAF,2002,26520000
South Africa,ZAF,2003,0
South Africa,ZAF,2004,40000
South Africa,ZAF,2005,13600000
South Africa,ZAF,2006,8119999.999999999
South Africa,ZAF,2007,1190000
South Africa,ZAF,2008,1220000
South Africa,ZAF,2009,100000
South Africa,ZAF,2010,267899999.99999997
South Africa,ZAF,2011,272110000
South Africa,ZAF,2012,493070000
South Africa,ZAF,2013,355460000
South Africa,ZAF,2014,208760000
South Africa,ZAF,2015,739710000
South Africa,ZAF,2016,209240000
South Africa,ZAF,2017,27220000
South Africa,ZAF,2018,385820000
South Africa,ZAF,2019,169290000
South Africa,ZAF,2020,142270000
South Africa,ZAF,2021,81480000
South Sudan,SSD,2000,0
South Sudan,SSD,2001,0
South Sudan,SSD,2002,0
South Sudan,SSD,2003,0
South Sudan,SSD,2004,0
South Sudan,SSD,2005,0
South Sudan,SSD,2006,0
South Sudan,SSD,2007,0
South Sudan,SSD,2008,0
South Sudan,SSD,2009,0
South Sudan,SSD,2010,0
South Sudan,SSD,2011,900000
South Sudan,SSD,2012,1500000
South Sudan,SSD,2013,27920000
South Sudan,SSD,2014,0
South Sudan,SSD,2015,70000
South Sudan,SSD,2016,30000
South Sudan,SSD,2017,270000
South Sudan,SSD,2018,290000
South Sudan,SSD,2019,100000
South Sudan,SSD,2020,60000
South Sudan,SSD,2021,170000
Sri Lanka,LKA,2000,1530000
Sri Lanka,LKA,2001,4019999.9999999995
Sri Lanka,LKA,2002,400810000
Sri Lanka,LKA,2003,30000
Sri Lanka,LKA,2004,120000
Sri Lanka,LKA,2005,25540000
Sri Lanka,LKA,2006,90000
Sri Lanka,LKA,2007,39170000
Sri Lanka,LKA,2008,120000
Sri Lanka,LKA,2009,12030000
Sri Lanka,LKA,2010,46070000
Sri Lanka,LKA,2011,7270000
Sri Lanka,LKA,2012,223110000
Sri Lanka,LKA,2013,2390000
Sri Lanka,LKA,2014,123110000
Sri Lanka,LKA,2015,460000
Sri Lanka,LKA,2016,62790000
Sri Lanka,LKA,2017,217590000
Sri Lanka,LKA,2018,200420000
Sri Lanka,LKA,2019,170000
Sri Lanka,LKA,2020,580000
Sri Lanka,LKA,2021,460000
Sub-Saharan Africa (UN),,2000,77800000
Sub-Saharan Africa (UN),,2001,113590000
Sub-Saharan Africa (UN),,2002,267339999.99999997
Sub-Saharan Africa (UN),,2003,572420000
Sub-Saharan Africa (UN),,2004,202330000
Sub-Saharan Africa (UN),,2005,576960000
Sub-Saharan Africa (UN),,2006,670470000
Sub-Saharan Africa (UN),,2007,2039100000
Sub-Saharan Africa (UN),,2008,773370000
Sub-Saharan Africa (UN),,2009,4829830000
Sub-Saharan Africa (UN),,2010,1945910000
Sub-Saharan Africa (UN),,2011,2982710000
Sub-Saharan Africa (UN),,2012,1941400000
Sub-Saharan Africa (UN),,2013,5197400000
Sub-Saharan Africa (UN),,2014,2880170000
Sub-Saharan Africa (UN),,2015,5310390000
Sub-Saharan Africa (UN),,2016,4193500000
Sub-Saharan Africa (UN),,2017,7638230000
Sub-Saharan Africa (UN),,2018,4428480000
Sub-Saharan Africa (UN),,2019,4489830000
Sub-Saharan Africa (UN),,2020,2691670000
Sub-Saharan Africa (UN),,2021,3904250000
Sudan,SDN,2000,0
Sudan,SDN,2001,0
Sudan,SDN,2002,0
Sudan,SDN,2003,1303110000
Sudan,SDN,2004,0
Sudan,SDN,2005,0
Sudan,SDN,2006,0
Sudan,SDN,2007,0
Sudan,SDN,2008,0
Sudan,SDN,2009,0
Sudan,SDN,2010,87690000
Sudan,SDN,2011,28410000
Sudan,SDN,2012,130000
Sudan,SDN,2013,3430000
Sudan,SDN,2014,410000
Sudan,SDN,2015,30000
Sudan,SDN,2016,40000
Sudan,SDN,2017,10000
Sudan,SDN,2018,2540000
Sudan,SDN,2019,212730000
Sudan,SDN,2020,18550000
Sudan,SDN,2021,280000
Suriname,SUR,2000,0
Suriname,SUR,2001,0
Suriname,SUR,2002,0
Suriname,SUR,2003,0
Suriname,SUR,2004,0
Suriname,SUR,2005,0
Suriname,SUR,2006,0
Suriname,SUR,2007,0
Suriname,SUR,2008,0
Suriname,SUR,2009,410000
Suriname,SUR,2010,0
Suriname,SUR,2011,4170000
Suriname,SUR,2012,0
Suriname,SUR,2013,30000
Suriname,SUR,2014,0
Suriname,SUR,2015,0
Suriname,SUR,2016,0
Suriname,SUR,2017,20000
Suriname,SUR,2018,290000
Suriname,SUR,2019,23120000
Suriname,SUR,2020,3000000
Suriname,SUR,2021,520000
Syria,SYR,2000,0
Syria,SYR,2001,0
Syria,SYR,2002,0
Syria,SYR,2003,0
Syria,SYR,2004,0
Syria,SYR,2005,0
Syria,SYR,2006,0
Syria,SYR,2007,0
Syria,SYR,2008,0
Syria,SYR,2009,0
Syria,SYR,2010,5400000
Syria,SYR,2011,0
Syria,SYR,2012,0
Syria,SYR,2013,0
Syria,SYR,2014,0
Syria,SYR,2015,0
Syria,SYR,2016,0
Syria,SYR,2017,0
Syria,SYR,2018,60000
Syria,SYR,2019,0
Syria,SYR,2020,0
Syria,SYR,2021,0
Tajikistan,TJK,2000,0
Tajikistan,TJK,2001,0
Tajikistan,TJK,2002,21490000
Tajikistan,TJK,2003,21880000
Tajikistan,TJK,2004,0
Tajikistan,TJK,2005,580000
Tajikistan,TJK,2006,560000
Tajikistan,TJK,2007,23450000
Tajikistan,TJK,2008,36150000
Tajikistan,TJK,2009,140000
Tajikistan,TJK,2010,6750000
Tajikistan,TJK,2011,800000
Tajikistan,TJK,2012,3620000
Tajikistan,TJK,2013,137910000
Tajikistan,TJK,2014,440000
Tajikistan,TJK,2015,190000
Tajikistan,TJK,2016,90000
Tajikistan,TJK,2017,343800000
Tajikistan,TJK,2018,0
Tajikistan,TJK,2019,109870000
Tajikistan,TJK,2020,46210000
Tajikistan,TJK,2021,56030000
Tanzania,TZA,2000,210000
Tanzania,TZA,2001,2500000
Tanzania,TZA,2002,1460000
Tanzania,TZA,2003,3920000
Tanzania,TZA,2004,70000
Tanzania,TZA,2005,40000
Tanzania,TZA,2006,110000
Tanzania,TZA,2007,20360000
Tanzania,TZA,2008,63240000
Tanzania,TZA,2009,520000
Tanzania,TZA,2010,8870000
Tanzania,TZA,2011,8210000.000000001
Tanzania,TZA,2012,3210000
Tanzania,TZA,2013,172590000
Tanzania,TZA,2014,46020000
Tanzania,TZA,2015,38160000
Tanzania,TZA,2016,156570000
Tanzania,TZA,2017,26980000
Tanzania,TZA,2018,21080000
Tanzania,TZA,2019,5380000
Tanzania,TZA,2020,98150000
Tanzania,TZA,2021,322320000
Thailand,THA,2000,150000
Thailand,THA,2001,6930000
Thailand,THA,2002,10830000
Thailand,THA,2003,3730000
Thailand,THA,2004,1580000
Thailand,THA,2005,0
Thailand,THA,2006,90000
Thailand,THA,2007,450000
Thailand,THA,2008,4830000
Thailand,THA,2009,1780000
Thailand,THA,2010,4250000
Thailand,THA,2011,291740000
Thailand,THA,2012,122430000
Thailand,THA,2013,56060000
Thailand,THA,2014,4490000
Thailand,THA,2015,57010000
Thailand,THA,2016,430000
Thailand,THA,2017,2049999.9999999998
Thailand,THA,2018,304310000
Thailand,THA,2019,101910000
Thailand,THA,2020,54830000
Thailand,THA,2021,164100000
Togo,TGO,2000,0
Togo,TGO,2001,0
Togo,TGO,2002,0
Togo,TGO,2003,0
Togo,TGO,2004,0
Togo,TGO,2005,0
Togo,TGO,2006,20000
Togo,TGO,2007,0
Togo,TGO,2008,0
Togo,TGO,2009,0
Togo,TGO,2010,0
Togo,TGO,2011,0
Togo,TGO,2012,20000
Togo,TGO,2013,160000
Togo,TGO,2014,9500000
Togo,TGO,2015,4960000
Togo,TGO,2016,50000
Togo,TGO,2017,0
Togo,TGO,2018,18330000
Togo,TGO,2019,1180000
Togo,TGO,2020,16950000
Togo,TGO,2021,31080000
Tokelau,TKL,2000,0
Tokelau,TKL,2001,0
Tokelau,TKL,2002,0
Tokelau,TKL,2003,0
Tokelau,TKL,2004,0
Tokelau,TKL,2005,0
Tokelau,TKL,2006,0
Tokelau,TKL,2007,0
Tokelau,TKL,2008,0
Tokelau,TKL,2009,0
Tokelau,TKL,2010,0
Tokelau,TKL,2011,5330000
Tokelau,TKL,2012,0
Tokelau,TKL,2013,0
Tokelau,TKL,2014,0
Tokelau,TKL,2015,0
Tokelau,TKL,2016,0
Tokelau,TKL,2017,0
Tokelau,TKL,2018,0
Tokelau,TKL,2019,3970000
Tokelau,TKL,2020,0
Tokelau,TKL,2021,0
Tonga,TON,2000,0
Tonga,TON,2001,0
Tonga,TON,2002,0
Tonga,TON,2003,0
Tonga,TON,2004,20000
Tonga,TON,2005,770000
Tonga,TON,2006,440000
Tonga,TON,2007,0
Tonga,TON,2008,0
Tonga,TON,2009,0
Tonga,TON,2010,5850000
Tonga,TON,2011,12280000
Tonga,TON,2012,8230000
Tonga,TON,2013,18130000
Tonga,TON,2014,2560000
Tonga,TON,2015,14610000
Tonga,TON,2016,2940000
Tonga,TON,2017,21090000
Tonga,TON,2018,38040000
Tonga,TON,2019,2450000
Tonga,TON,2020,2110000
Tonga,TON,2021,2060000
Trinidad and Tobago,TTO,2000,0
Trinidad and Tobago,TTO,2001,0
Trinidad and Tobago,TTO,2002,0
Trinidad and Tobago,TTO,2003,0
Trinidad and Tobago,TTO,2004,0
Trinidad and Tobago,TTO,2005,0
Trinidad and Tobago,TTO,2006,0
Trinidad and Tobago,TTO,2007,0
Trinidad and Tobago,TTO,2008,0
Trinidad and Tobago,TTO,2009,0
Trinidad and Tobago,TTO,2010,0
Trinidad and Tobago,TTO,2011,0
Trinidad and Tobago,TTO,2012,0
Trinidad and Tobago,TTO,2013,0
Trinidad and Tobago,TTO,2014,0
Trinidad and Tobago,TTO,2015,0
Trinidad and Tobago,TTO,2016,0
Trinidad and Tobago,TTO,2017,0
Trinidad and Tobago,TTO,2018,0
Trinidad and Tobago,TTO,2019,0
Trinidad and Tobago,TTO,2020,250000
Trinidad and Tobago,TTO,2021,0
Tunisia,TUN,2000,4570000
Tunisia,TUN,2001,4570000
Tunisia,TUN,2002,5430000
Tunisia,TUN,2003,430000
Tunisia,TUN,2004,280000
Tunisia,TUN,2005,18260000
Tunisia,TUN,2006,25150000
Tunisia,TUN,2007,1700000
Tunisia,TUN,2008,242790000
Tunisia,TUN,2009,127070000
Tunisia,TUN,2010,134540000
Tunisia,TUN,2011,860000
Tunisia,TUN,2012,184780000
Tunisia,TUN,2013,9670000
Tunisia,TUN,2014,0
Tunisia,TUN,2015,9180000
Tunisia,TUN,2016,47050000
Tunisia,TUN,2017,4970000
Tunisia,TUN,2018,19200000
Tunisia,TUN,2019,115780000
Tunisia,TUN,2020,21020000
Tunisia,TUN,2021,2640000
Turkey,TUR,2000,134700000
Turkey,TUR,2001,10000
Turkey,TUR,2002,0
Turkey,TUR,2003,0
Turkey,TUR,2004,132280000
Turkey,TUR,2005,360000
Turkey,TUR,2006,240000
Turkey,TUR,2007,1680000
Turkey,TUR,2008,69210000
Turkey,TUR,2009,506920000
Turkey,TUR,2010,291850000
Turkey,TUR,2011,825800000
Turkey,TUR,2012,288300000
Turkey,TUR,2013,613420000
Turkey,TUR,2014,550180000
Turkey,TUR,2015,443020000
Turkey,TUR,2016,1505350000
Turkey,TUR,2017,415600000
Turkey,TUR,2018,1130500000
Turkey,TUR,2019,332490000
Turkey,TUR,2020,368420000
Turkey,TUR,2021,122820000
Turkmenistan,TKM,2000,0
Turkmenistan,TKM,2001,0
Turkmenistan,TKM,2002,0
Turkmenistan,TKM,2003,0
Turkmenistan,TKM,2004,0
Turkmenistan,TKM,2005,0
Turkmenistan,TKM,2006,0
Turkmenistan,TKM,2007,0
Turkmenistan,TKM,2008,0
Turkmenistan,TKM,2009,30000
Turkmenistan,TKM,2010,0
Turkmenistan,TKM,2011,0
Turkmenistan,TKM,2012,0
Turkmenistan,TKM,2013,6090000
Turkmenistan,TKM,2014,50000
Turkmenistan,TKM,2015,120000
Turkmenistan,TKM,2016,80000
Turkmenistan,TKM,2017,60000
Turkmenistan,TKM,2018,0
Turkmenistan,TKM,2019,40000
Turkmenistan,TKM,2020,0
Turkmenistan,TKM,2021,30000
Tuvalu,TUV,2000,0
Tuvalu,TUV,2001,0
Tuvalu,TUV,2002,0
Tuvalu,TUV,2003,0
Tuvalu,TUV,2004,0
Tuvalu,TUV,2005,0
Tuvalu,TUV,2006,0
Tuvalu,TUV,2007,0
Tuvalu,TUV,2008,30000
Tuvalu,TUV,2009,10000
Tuvalu,TUV,2010,530000
Tuvalu,TUV,2011,10000
Tuvalu,TUV,2012,2400000
Tuvalu,TUV,2013,4880000
Tuvalu,TUV,2014,20550000
Tuvalu,TUV,2015,8790000
Tuvalu,TUV,2016,0
Tuvalu,TUV,2017,0
Tuvalu,TUV,2018,400000
Tuvalu,TUV,2019,6330000
Tuvalu,TUV,2020,50000
Tuvalu,TUV,2021,2840000
Uganda,UGA,2000,27400000
Uganda,UGA,2001,6810000
Uganda,UGA,2002,3490000
Uganda,UGA,2003,650000
Uganda,UGA,2004,30000
Uganda,UGA,2005,70000
Uganda,UGA,2006,70000
Uganda,UGA,2007,529289999.99999994
Uganda,UGA,2008,19230000
Uganda,UGA,2009,76050000
Uganda,UGA,2010,30080000
Uganda,UGA,2011,27860000
Uganda,UGA,2012,21720000
Uganda,UGA,2013,1455840000
Uganda,UGA,2014,33490000.000000004
Uganda,UGA,2015,517030000
Uganda,UGA,2016,194740000
Uganda,UGA,2017,96820000
Uganda,UGA,2018,524909999.99999994
Uganda,UGA,2019,67970000
Uganda,UGA,2020,21650000
Uganda,UGA,2021,3940000
Ukraine,UKR,2000,0
Ukraine,UKR,2001,0
Ukraine,UKR,2002,0
Ukraine,UKR,2003,0
Ukraine,UKR,2004,0
Ukraine,UKR,2005,132009999.99999999
Ukraine,UKR,2006,0
Ukraine,UKR,2007,0
Ukraine,UKR,2008,250000
Ukraine,UKR,2009,65120000.00000001
Ukraine,UKR,2010,1240000
Ukraine,UKR,2011,30410000
Ukraine,UKR,2012,20150000
Ukraine,UKR,2013,48360000
Ukraine,UKR,2014,84060000
Ukraine,UKR,2015,11470000
Ukraine,UKR,2016,252890000
Ukraine,UKR,2017,77340000
Ukraine,UKR,2018,688170000
Ukraine,UKR,2019,439920000
Ukraine,UKR,2020,41030000
Ukraine,UKR,2021,268980000
Uruguay,URY,2000,0
Uruguay,URY,2001,1350000
Uruguay,URY,2002,0
Uruguay,URY,2003,24140000
Uruguay,URY,2004,0
Uruguay,URY,2005,0
Uruguay,URY,2006,0
Uruguay,URY,2007,920000
Uruguay,URY,2008,0
Uruguay,URY,2009,7010000
Uruguay,URY,2010,1150000
Uruguay,URY,2011,7970000
Uruguay,URY,2012,298130000
Uruguay,URY,2013,216060000
Uruguay,URY,2014,220550000
Uruguay,URY,2015,212230000
Uruguay,URY,2016,71760000
Uruguay,URY,2017,18800000
Uruguay,URY,2018,0
Uruguay,URY,2019,210000
Uruguay,URY,2020,0
Uruguay,URY,2021,0
Uzbekistan,UZB,2000,0
Uzbekistan,UZB,2001,0
Uzbekistan,UZB,2002,0
Uzbekistan,UZB,2003,0
Uzbekistan,UZB,2004,230000
Uzbekistan,UZB,2005,0
Uzbekistan,UZB,2006,0
Uzbekistan,UZB,2007,25210000
Uzbekistan,UZB,2008,0
Uzbekistan,UZB,2009,0
Uzbekistan,UZB,2010,0
Uzbekistan,UZB,2011,0
Uzbekistan,UZB,2012,96890000
Uzbekistan,UZB,2013,201860000
Uzbekistan,UZB,2014,0
Uzbekistan,UZB,2015,280000
Uzbekistan,UZB,2016,710000
Uzbekistan,UZB,2017,59460000
Uzbekistan,UZB,2018,83230000
Uzbekistan,UZB,2019,65220000
Uzbekistan,UZB,2020,214630000
Uzbekistan,UZB,2021,170260000
Vanuatu,VUT,2000,0
Vanuatu,VUT,2001,0
Vanuatu,VUT,2002,0
Vanuatu,VUT,2003,0
Vanuatu,VUT,2004,0
Vanuatu,VUT,2005,0
Vanuatu,VUT,2006,0
Vanuatu,VUT,2007,13170000
Vanuatu,VUT,2008,30000
Vanuatu,VUT,2009,0
Vanuatu,VUT,2010,910000
Vanuatu,VUT,2011,0
Vanuatu,VUT,2012,3160000
Vanuatu,VUT,2013,4870000
Vanuatu,VUT,2014,8680000
Vanuatu,VUT,2015,7460000
Vanuatu,VUT,2016,0
Vanuatu,VUT,2017,18180000
Vanuatu,VUT,2018,1850000
Vanuatu,VUT,2019,160000
Vanuatu,VUT,2020,860000
Vanuatu,VUT,2021,1950000
Venezuela,VEN,2000,870000
Venezuela,VEN,2001,0
Venezuela,VEN,2002,0
Venezuela,VEN,2003,0
Venezuela,VEN,2004,20000
Venezuela,VEN,2005,0
Venezuela,VEN,2006,833090000
Venezuela,VEN,2007,0
Venezuela,VEN,2008,0
Venezuela,VEN,2009,200000
Venezuela,VEN,2010,1306110000
Venezuela,VEN,2011,360060000
Venezuela,VEN,2012,10000
Venezuela,VEN,2013,10000
Venezuela,VEN,2014,4470000
Venezuela,VEN,2015,360000
Venezuela,VEN,2016,0
Venezuela,VEN,2017,0
Venezuela,VEN,2018,400000
Venezuela,VEN,2019,0
Venezuela,VEN,2020,0
Venezuela,VEN,2021,30000
Vietnam,VNM,2000,10000
Vietnam,VNM,2001,104120000
Vietnam,VNM,2002,40990000
Vietnam,VNM,2003,170000
Vietnam,VNM,2004,228650000
Vietnam,VNM,2005,5290000
Vietnam,VNM,2006,1310000
Vietnam,VNM,2007,40000
Vietnam,VNM,2008,197260000
Vietnam,VNM,2009,455050000
Vietnam,VNM,2010,105390000
Vietnam,VNM,2011,277800000
Vietnam,VNM,2012,1430000
Vietnam,VNM,2013,93830000
Vietnam,VNM,2014,251600000
Vietnam,VNM,2015,6530000
Vietnam,VNM,2016,309990000
Vietnam,VNM,2017,25380000
Vietnam,VNM,2018,108620000
Vietnam,VNM,2019,258450000
Vietnam,VNM,2020,166900000
Vietnam,VNM,2021,362450000
Wallis and Futuna,WLF,2000,0
Wallis and Futuna,WLF,2001,0
Wallis and Futuna,WLF,2002,0
Wallis and Futuna,WLF,2003,0
Wallis and Futuna,WLF,2004,0
Wallis and Futuna,WLF,2005,0
Wallis and Futuna,WLF,2006,0
Wallis and Futuna,WLF,2007,0
Wallis and Futuna,WLF,2008,0
Wallis and Futuna,WLF,2009,0
Wallis and Futuna,WLF,2010,0
Wallis and Futuna,WLF,2011,0
Wallis and Futuna,WLF,2012,0
Wallis and Futuna,WLF,2013,0
Wallis and Futuna,WLF,2014,0
Wallis and Futuna,WLF,2015,0
Wallis and Futuna,WLF,2016,0
Wallis and Futuna,WLF,2017,0
Wallis and Futuna,WLF,2018,0
Wallis and Futuna,WLF,2019,0
Wallis and Futuna,WLF,2020,0
Wallis and Futuna,WLF,2021,0
World,OWID_WRL,2000,1468870000
World,OWID_WRL,2001,2038420000
World,OWID_WRL,2002,1380590000
World,OWID_WRL,2003,3102400000
World,OWID_WRL,2004,2166130000
World,OWID_WRL,2005,2218470000
World,OWID_WRL,2006,3327140000
World,OWID_WRL,2007,4348860000
World,OWID_WRL,2008,2918610000
World,OWID_WRL,2009,8263490000
World,OWID_WRL,2010,11911820000
World,OWID_WRL,2011,12602730000
World,OWID_WRL,2012,10807980000
World,OWID_WRL,2013,14176360000
World,OWID_WRL,2014,16625980000
World,OWID_WRL,2015,12588160000
World,OWID_WRL,2016,21873810000
World,OWID_WRL,2017,26364570000
World,OWID_WRL,2018,15751700000
World,OWID_WRL,2019,13987250000
World,OWID_WRL,2020,12229370000
World,OWID_WRL,2021,10775180000
Yemen,YEM,2000,1540000
Yemen,YEM,2001,30000
Yemen,YEM,2002,0
Yemen,YEM,2003,0
Yemen,YEM,2004,110000
Yemen,YEM,2005,140000
Yemen,YEM,2006,130000
Yemen,YEM,2007,120000
Yemen,YEM,2008,160000
Yemen,YEM,2009,11510000
Yemen,YEM,2010,330000
Yemen,YEM,2011,0
Yemen,YEM,2012,81660000
Yemen,YEM,2013,670000
Yemen,YEM,2014,19150000
Yemen,YEM,2015,0
Yemen,YEM,2016,0
Yemen,YEM,2017,10000
Yemen,YEM,2018,57270000
Yemen,YEM,2019,1230000
Yemen,YEM,2020,1080000
Yemen,YEM,2021,7830000
Zambia,ZMB,2000,10000
Zambia,ZMB,2001,0
Zambia,ZMB,2002,0
Zambia,ZMB,2003,0
Zambia,ZMB,2004,2620000
Zambia,ZMB,2005,10670000
Zambia,ZMB,2006,90000
Zambia,ZMB,2007,30000
Zambia,ZMB,2008,20070000
Zambia,ZMB,2009,251100000
Zambia,ZMB,2010,393170000
Zambia,ZMB,2011,67880000
Zambia,ZMB,2012,10000
Zambia,ZMB,2013,1780000
Zambia,ZMB,2014,242230000
Zambia,ZMB,2015,1774720000
Zambia,ZMB,2016,113290000
Zambia,ZMB,2017,160240000
Zambia,ZMB,2018,66660000
Zambia,ZMB,2019,81420000
Zambia,ZMB,2020,12990000
Zambia,ZMB,2021,10600000
Zimbabwe,ZWE,2000,40000
Zimbabwe,ZWE,2001,290000
Zimbabwe,ZWE,2002,0
Zimbabwe,ZWE,2003,10000
Zimbabwe,ZWE,2004,0
Zimbabwe,ZWE,2005,520000
Zimbabwe,ZWE,2006,0
Zimbabwe,ZWE,2007,0
Zimbabwe,ZWE,2008,0
Zimbabwe,ZWE,2009,20000
Zimbabwe,ZWE,2010,0
Zimbabwe,ZWE,2011,1080000
Zimbabwe,ZWE,2012,0
Zimbabwe,ZWE,2013,315410000
Zimbabwe,ZWE,2014,18620000
Zimbabwe,ZWE,2015,0
Zimbabwe,ZWE,2016,30000
Zimbabwe,ZWE,2017,5800000
Zimbabwe,ZWE,2018,10000
Zimbabwe,ZWE,2019,260000
Zimbabwe,ZWE,2020,60000
Zimbabwe,ZWE,2021,10000